type,catégorie,montant,mois
dépense,autres_charges,269.87,1
dépense,autres_charges,165.32,1
dépense,autres_charges,320.95,1
dépense,autres_charges,259.87,1
dépense,autres_charges,100.52,1
dépense,autres_charges,322.11,1
dépense,autres_charges,116.54,1
dépense,autres_charges,100.21,1
dépense,autres_charges,293.05,1
dépense,autres_charges,255.05,1
dépense,autres_charges,216.2,1
dépense,autres_charges,143.23,1
dépense,autres_charges,191.39,1
dépense,autres_charges,181.38,1
dépense,autres_charges,254.0,1
dépense,autres_charges,174.68,1
dépense,autres_charges,160.82,1
dépense,autres_charges,267.82,1
dépense,autres_charges,197.31,1
dépense,autres_charges,139.49,1
dépense,autres_charges,161.99,1
dépense,autres_charges,117.89,1
dépense,autres_charges,333.7,1
dépense,autres_charges,175.06,1
dépense,autres_charges,255.24,1
dépense,autres_charges,230.02,1
dépense,autres_charges,270.95,1
dépense,autres_charges,274.61,1
dépense,déplacements,833.23,1
dépense,déplacements,826.61,1
dépense,déplacements,833.73,1
dépense,déplacements,950.67,1
dépense,déplacements,434.65,1
dépense,déplacements,599.13,1
dépense,déplacements,368.27,1
dépense,déplacements,1079.4,1
dépense,déplacements,1238.19,1
dépense,déplacements,200.4,1
dépense,déplacements,1059.21,1
dépense,déplacements,667.3,1
dépense,fonctionnement,57.07,1
dépense,fonctionnement,454.82,1
dépense,fonctionnement,446.94,1
dépense,fonctionnement,369.22,1
dépense,fonctionnement,305.47,1
dépense,fonctionnement,300.39,1
dépense,fonctionnement,95.05,1
dépense,fonctionnement,134.81,1
dépense,fonctionnement,37.17,1
dépense,fonctionnement,510.19,1
dépense,fonctionnement,88.59,1
dépense,fonctionnement,166.08,1
dépense,fonctionnement,74.38,1
dépense,fonctionnement,227.28,1
dépense,fonctionnement,501.34,1
dépense,fonctionnement,131.06,1
dépense,fonctionnement,559.29,1
dépense,fonctionnement,532.64,1
dépense,fonctionnement,257.45,1
dépense,fonctionnement,543.58,1
dépense,fonctionnement,10.48,1
dépense,fonctionnement,313.69,1
dépense,fonctionnement,490.94,1
dépense,fonctionnement,123.44,1
dépense,fonctionnement,269.74,1
dépense,fonctionnement,180.56,1
dépense,fonctionnement,523.06,1
dépense,fonctionnement,253.51,1
dépense,fonctionnement,455.99,1
dépense,fonctionnement,109.83,1
dépense,salaires,2383.57,1
dépense,salaires,1818.89,1
dépense,salaires,2131.9,1
dépense,salaires,2122.23,1
dépense,salaires,1978.38,1
dépense,salaires,2396.45,1
dépense,salaires,1953.41,1
dépense,salaires,1907.45,1
dépense,salaires,1650.57,1
dépense,salaires,2396.04,1
dépense,salaires,2077.8,1
dépense,salaires,1985.67,1
dépense,salaires,1758.5,1
dépense,salaires,2203.37,1
dépense,salaires,1790.61,1
dépense,salaires,1704.65,1
dépense,salaires,1500.2,1
dépense,salaires,2369.92,1
dépense,salaires,1916.7,1
dépense,salaires,1953.92,1
recette,billetterie,80.0,1
recette,billetterie,40.0,1
recette,billetterie,290.0,1
recette,billetterie,30.0,1
recette,billetterie,330.0,1
recette,billetterie,40.0,1
recette,billetterie,300.0,1
recette,billetterie,280.0,1
recette,billetterie,370.0,1
recette,billetterie,320.0,1
recette,billetterie,240.0,1
recette,billetterie,350.0,1
recette,billetterie,260.0,1
recette,billetterie,210.0,1
recette,billetterie,60.0,1
recette,billetterie,300.0,1
recette,billetterie,130.0,1
recette,billetterie,160.0,1
recette,billetterie,90.0,1
recette,billetterie,230.0,1
recette,billetterie,350.0,1
recette,billetterie,290.0,1
recette,billetterie,380.0,1
recette,billetterie,270.0,1
recette,billetterie,310.0,1
recette,billetterie,340.0,1
recette,billetterie,110.0,1
recette,billetterie,380.0,1
recette,billetterie,80.0,1
recette,billetterie,190.0,1
recette,billetterie,100.0,1
recette,billetterie,300.0,1
recette,billetterie,80.0,1
recette,billetterie,200.0,1
recette,billetterie,220.0,1
recette,marketing,530.42,1
recette,marketing,100.98,1
recette,marketing,470.56,1
recette,marketing,417.01,1
recette,marketing,175.8,1
recette,marketing,671.33,1
recette,marketing,371.18,1
recette,marketing,100.68,1
recette,marketing,461.93,1
recette,marketing,445.95,1
recette,marketing,506.85,1
recette,marketing,572.5,1
recette,marketing,280.97,1
recette,marketing,301.75,1
recette,marketing,100.54,1
recette,marketing,429.13,1
recette,marketing,330.23,1
recette,marketing,100.04,1
recette,marketing,431.65,1
recette,sponsoring,1900.0,1
recette,sponsoring,2300.0,1
recette,sponsoring,400.0,1
recette,sponsoring,1300.0,1
recette,sponsoring,500.0,1
recette,sponsoring,900.0,1
recette,sponsoring,2300.0,1
recette,sponsoring,500.0,1
recette,sponsoring,1200.0,1
recette,sponsoring,800.0,1
recette,sponsoring,1000.0,1
recette,sponsoring,1400.0,1
recette,subventions,56500.0,1
dépense,autres_charges,126.1,2
dépense,autres_charges,100.17,2
dépense,autres_charges,117.17,2
dépense,autres_charges,219.58,2
dépense,autres_charges,289.28,2
dépense,autres_charges,346.46,2
dépense,autres_charges,148.86,2
dépense,autres_charges,100.12,2
dépense,autres_charges,326.09,2
dépense,autres_charges,151.84,2
dépense,autres_charges,131.89,2
dépense,autres_charges,310.14,2
dépense,autres_charges,100.21,2
dépense,autres_charges,281.53,2
dépense,autres_charges,284.27,2
dépense,autres_charges,228.68,2
dépense,autres_charges,173.42,2
dépense,autres_charges,100.85,2
dépense,autres_charges,271.92,2
dépense,autres_charges,319.52,2
dépense,autres_charges,101.54,2
dépense,autres_charges,322.59,2
dépense,autres_charges,131.92,2
dépense,autres_charges,122.91,2
dépense,autres_charges,279.51,2
dépense,autres_charges,137.05,2
dépense,autres_charges,226.42,2
dépense,autres_charges,259.97,2
dépense,autres_charges,200.75,2
dépense,autres_charges,132.5,2
dépense,autres_charges,140.4,2
dépense,autres_charges,144.09,2
dépense,autres_charges,280.83,2
dépense,autres_charges,146.45,2
dépense,autres_charges,100.09,2
dépense,déplacements,1149.74,2
dépense,déplacements,1186.12,2
dépense,déplacements,1245.78,2
dépense,déplacements,1041.87,2
dépense,déplacements,214.47,2
dépense,déplacements,200.72,2
dépense,déplacements,718.12,2
dépense,déplacements,409.4,2
dépense,déplacements,971.79,2
dépense,déplacements,1141.34,2
dépense,déplacements,792.76,2
dépense,déplacements,200.57,2
dépense,fonctionnement,417.24,2
dépense,fonctionnement,581.36,2
dépense,fonctionnement,573.67,2
dépense,fonctionnement,228.89,2
dépense,fonctionnement,185.31,2
dépense,fonctionnement,581.78,2
dépense,fonctionnement,520.58,2
dépense,fonctionnement,44.09,2
dépense,fonctionnement,73.94,2
dépense,fonctionnement,168.83,2
dépense,fonctionnement,323.15,2
dépense,fonctionnement,190.04,2
dépense,fonctionnement,13.57,2
dépense,fonctionnement,86.67,2
dépense,fonctionnement,340.88,2
dépense,fonctionnement,197.08,2
dépense,fonctionnement,42.87,2
dépense,fonctionnement,422.19,2
dépense,fonctionnement,85.49,2
dépense,fonctionnement,563.12,2
dépense,fonctionnement,348.09,2
dépense,fonctionnement,381.49,2
dépense,fonctionnement,288.18,2
dépense,fonctionnement,428.53,2
dépense,fonctionnement,18.33,2
dépense,fonctionnement,277.46,2
dépense,fonctionnement,329.38,2
dépense,fonctionnement,260.25,2
dépense,fonctionnement,417.58,2
dépense,fonctionnement,108.27,2
dépense,fonctionnement,542.58,2
dépense,fonctionnement,425.0,2
dépense,fonctionnement,304.07,2
dépense,fonctionnement,254.91,2
dépense,fonctionnement,230.52,2
dépense,fonctionnement,183.5,2
dépense,fonctionnement,459.51,2
dépense,salaires,2383.57,2
dépense,salaires,1818.89,2
dépense,salaires,2131.9,2
dépense,salaires,2122.23,2
dépense,salaires,1978.38,2
dépense,salaires,2396.45,2
dépense,salaires,1953.41,2
dépense,salaires,1907.45,2
dépense,salaires,1650.57,2
dépense,salaires,2396.04,2
dépense,salaires,2077.8,2
dépense,salaires,1985.67,2
dépense,salaires,1758.5,2
dépense,salaires,2203.37,2
dépense,salaires,1790.61,2
dépense,salaires,1704.65,2
dépense,salaires,1500.2,2
dépense,salaires,2369.92,2
dépense,salaires,1916.7,2
dépense,salaires,1953.92,2
recette,billetterie,350.0,2
recette,billetterie,180.0,2
recette,billetterie,240.0,2
recette,billetterie,100.0,2
recette,billetterie,300.0,2
recette,billetterie,40.0,2
recette,billetterie,160.0,2
recette,billetterie,210.0,2
recette,billetterie,150.0,2
recette,billetterie,240.0,2
recette,billetterie,180.0,2
recette,billetterie,280.0,2
recette,billetterie,390.0,2
recette,billetterie,230.0,2
recette,billetterie,220.0,2
recette,billetterie,290.0,2
recette,billetterie,180.0,2
recette,billetterie,330.0,2
recette,billetterie,350.0,2
recette,billetterie,220.0,2
recette,billetterie,390.0,2
recette,billetterie,270.0,2
recette,billetterie,160.0,2
recette,billetterie,370.0,2
recette,billetterie,50.0,2
recette,billetterie,350.0,2
recette,billetterie,50.0,2
recette,billetterie,310.0,2
recette,billetterie,100.0,2
recette,billetterie,50.0,2
recette,billetterie,120.0,2
recette,marketing,170.71,2
recette,marketing,216.27,2
recette,marketing,509.75,2
recette,marketing,122.03,2
recette,marketing,218.41,2
recette,marketing,716.55,2
recette,marketing,474.47,2
recette,marketing,477.38,2
recette,marketing,136.79,2
recette,marketing,416.43,2
recette,marketing,325.9,2
recette,marketing,351.74,2
recette,marketing,150.32,2
recette,marketing,126.99,2
recette,sponsoring,700.0,2
recette,sponsoring,700.0,2
recette,sponsoring,1200.0,2
recette,sponsoring,1500.0,2
recette,sponsoring,2000.0,2
recette,sponsoring,500.0,2
recette,sponsoring,1400.0,2
recette,sponsoring,400.0,2
recette,sponsoring,2400.0,2
recette,sponsoring,1000.0,2
recette,sponsoring,1900.0,2
recette,sponsoring,300.0,2
recette,sponsoring,700.0,2
dépense,autres_charges,209.2,3
dépense,autres_charges,181.03,3
dépense,autres_charges,266.31,3
dépense,autres_charges,127.23,3
dépense,autres_charges,101.33,3
dépense,autres_charges,233.19,3
dépense,autres_charges,179.28,3
dépense,autres_charges,100.83,3
dépense,autres_charges,100.14,3
dépense,autres_charges,325.61,3
dépense,autres_charges,184.34,3
dépense,autres_charges,100.12,3
dépense,autres_charges,204.79,3
dépense,autres_charges,235.2,3
dépense,autres_charges,339.11,3
dépense,autres_charges,237.45,3
dépense,autres_charges,315.44,3
dépense,autres_charges,100.03,3
dépense,autres_charges,318.97,3
dépense,autres_charges,100.9,3
dépense,autres_charges,100.54,3
dépense,autres_charges,219.28,3
dépense,autres_charges,321.55,3
dépense,autres_charges,119.95,3
dépense,autres_charges,319.88,3
dépense,autres_charges,283.46,3
dépense,autres_charges,323.38,3
dépense,autres_charges,100.9,3
dépense,autres_charges,209.83,3
dépense,autres_charges,114.02,3
dépense,autres_charges,313.33,3
dépense,déplacements,200.17,3
dépense,déplacements,714.1,3
dépense,déplacements,723.93,3
dépense,déplacements,594.67,3
dépense,déplacements,200.64,3
dépense,déplacements,200.56,3
dépense,déplacements,806.49,3
dépense,déplacements,459.31,3
dépense,déplacements,742.85,3
dépense,déplacements,322.63,3
dépense,déplacements,382.31,3
dépense,déplacements,674.7,3
dépense,déplacements,1121.47,3
dépense,déplacements,1061.25,3
dépense,déplacements,1099.07,3
dépense,déplacements,404.17,3
dépense,déplacements,330.3,3
dépense,déplacements,1138.62,3
dépense,déplacements,629.29,3
dépense,déplacements,983.83,3
dépense,fonctionnement,90.53,3
dépense,fonctionnement,340.23,3
dépense,fonctionnement,487.28,3
dépense,fonctionnement,315.74,3
dépense,fonctionnement,254.22,3
dépense,fonctionnement,575.87,3
dépense,fonctionnement,191.71,3
dépense,fonctionnement,54.13,3
dépense,fonctionnement,318.82,3
dépense,fonctionnement,521.8,3
dépense,fonctionnement,295.55,3
dépense,fonctionnement,44.47,3
dépense,fonctionnement,443.97,3
dépense,fonctionnement,300.14,3
dépense,fonctionnement,332.24,3
dépense,fonctionnement,383.93,3
dépense,fonctionnement,547.35,3
dépense,fonctionnement,442.53,3
dépense,fonctionnement,232.17,3
dépense,fonctionnement,106.84,3
dépense,fonctionnement,546.9,3
dépense,fonctionnement,495.35,3
dépense,fonctionnement,324.29,3
dépense,fonctionnement,157.59,3
dépense,fonctionnement,509.29,3
dépense,fonctionnement,504.19,3
dépense,fonctionnement,69.92,3
dépense,fonctionnement,76.43,3
dépense,fonctionnement,386.66,3
dépense,fonctionnement,78.5,3
dépense,fonctionnement,530.25,3
dépense,fonctionnement,203.01,3
dépense,fonctionnement,508.32,3
dépense,fonctionnement,333.46,3
dépense,fonctionnement,584.82,3
dépense,fonctionnement,241.56,3
dépense,fonctionnement,60.92,3
dépense,fonctionnement,121.82,3
dépense,fonctionnement,50.74,3
dépense,fonctionnement,536.78,3
dépense,fonctionnement,242.53,3
dépense,fonctionnement,581.25,3
dépense,fonctionnement,559.65,3
dépense,fonctionnement,472.75,3
dépense,fonctionnement,583.79,3
dépense,salaires,2383.57,3
dépense,salaires,1818.89,3
dépense,salaires,2131.9,3
dépense,salaires,2122.23,3
dépense,salaires,1978.38,3
dépense,salaires,2396.45,3
dépense,salaires,1953.41,3
dépense,salaires,1907.45,3
dépense,salaires,1650.57,3
dépense,salaires,2396.04,3
dépense,salaires,2077.8,3
dépense,salaires,1985.67,3
dépense,salaires,1758.5,3
dépense,salaires,2203.37,3
dépense,salaires,1790.61,3
dépense,salaires,1704.65,3
dépense,salaires,1500.2,3
dépense,salaires,2369.92,3
dépense,salaires,1916.7,3
dépense,salaires,1953.92,3
recette,billetterie,340.0,3
recette,billetterie,270.0,3
recette,billetterie,190.0,3
recette,billetterie,360.0,3
recette,billetterie,170.0,3
recette,billetterie,70.0,3
recette,billetterie,330.0,3
recette,billetterie,20.0,3
recette,billetterie,70.0,3
recette,billetterie,20.0,3
recette,billetterie,60.0,3
recette,billetterie,30.0,3
recette,billetterie,230.0,3
recette,billetterie,330.0,3
recette,billetterie,80.0,3
recette,billetterie,200.0,3
recette,billetterie,70.0,3
recette,billetterie,170.0,3
recette,billetterie,120.0,3
recette,billetterie,50.0,3
recette,marketing,475.13,3
recette,marketing,710.62,3
recette,marketing,638.38,3
recette,marketing,484.67,3
recette,marketing,175.63,3
recette,marketing,167.62,3
recette,marketing,676.8,3
recette,marketing,242.64,3
recette,marketing,397.95,3
recette,marketing,377.54,3
recette,marketing,433.46,3
recette,marketing,669.82,3
recette,marketing,437.15,3
recette,marketing,210.33,3
recette,marketing,515.77,3
recette,marketing,494.78,3
recette,marketing,448.83,3
recette,marketing,737.74,3
recette,marketing,590.76,3
recette,sponsoring,2100.0,3
recette,sponsoring,1100.0,3
recette,sponsoring,1100.0,3
recette,sponsoring,400.0,3
recette,sponsoring,1700.0,3
recette,sponsoring,900.0,3
recette,sponsoring,2500.0,3
recette,sponsoring,1600.0,3
dépense,autres_charges,269.32,4
dépense,autres_charges,167.11,4
dépense,autres_charges,100.82,4
dépense,autres_charges,332.88,4
dépense,autres_charges,198.71,4
dépense,autres_charges,106.81,4
dépense,autres_charges,282.71,4
dépense,autres_charges,164.63,4
dépense,autres_charges,315.65,4
dépense,autres_charges,171.38,4
dépense,autres_charges,284.47,4
dépense,autres_charges,259.26,4
dépense,autres_charges,100.69,4
dépense,autres_charges,194.35,4
dépense,autres_charges,100.78,4
dépense,autres_charges,331.35,4
dépense,autres_charges,173.52,4
dépense,autres_charges,332.92,4
dépense,autres_charges,215.49,4
dépense,autres_charges,100.75,4
dépense,autres_charges,126.6,4
dépense,autres_charges,158.76,4
dépense,autres_charges,100.7,4
dépense,autres_charges,222.34,4
dépense,autres_charges,103.68,4
dépense,autres_charges,145.2,4
dépense,autres_charges,231.91,4
dépense,autres_charges,100.34,4
dépense,autres_charges,100.44,4
dépense,autres_charges,183.13,4
dépense,autres_charges,288.43,4
dépense,autres_charges,142.49,4
dépense,autres_charges,100.54,4
dépense,autres_charges,151.16,4
dépense,autres_charges,339.53,4
dépense,autres_charges,244.64,4
dépense,autres_charges,164.43,4
dépense,déplacements,457.62,4
dépense,déplacements,849.33,4
dépense,déplacements,1131.5,4
dépense,déplacements,453.31,4
dépense,déplacements,413.03,4
dépense,déplacements,200.4,4
dépense,déplacements,269.69,4
dépense,déplacements,878.48,4
dépense,déplacements,200.82,4
dépense,déplacements,935.99,4
dépense,déplacements,946.37,4
dépense,déplacements,1021.03,4
dépense,déplacements,442.89,4
dépense,déplacements,200.2,4
dépense,déplacements,360.54,4
dépense,déplacements,237.04,4
dépense,déplacements,447.76,4
dépense,déplacements,948.93,4
dépense,déplacements,794.73,4
dépense,déplacements,752.9,4
dépense,déplacements,933.05,4
dépense,déplacements,552.32,4
dépense,fonctionnement,195.26,4
dépense,fonctionnement,11.75,4
dépense,fonctionnement,213.62,4
dépense,fonctionnement,366.96,4
dépense,fonctionnement,146.29,4
dépense,fonctionnement,69.48,4
dépense,fonctionnement,364.28,4
dépense,fonctionnement,158.89,4
dépense,fonctionnement,192.9,4
dépense,fonctionnement,482.7,4
dépense,fonctionnement,580.37,4
dépense,fonctionnement,283.73,4
dépense,fonctionnement,270.58,4
dépense,fonctionnement,589.94,4
dépense,fonctionnement,419.75,4
dépense,fonctionnement,219.67,4
dépense,fonctionnement,368.51,4
dépense,fonctionnement,194.59,4
dépense,fonctionnement,554.69,4
dépense,fonctionnement,504.38,4
dépense,fonctionnement,182.84,4
dépense,fonctionnement,15.47,4
dépense,fonctionnement,386.61,4
dépense,fonctionnement,434.07,4
dépense,fonctionnement,284.07,4
dépense,fonctionnement,320.58,4
dépense,fonctionnement,283.46,4
dépense,fonctionnement,279.09,4
dépense,fonctionnement,290.42,4
dépense,fonctionnement,446.78,4
dépense,fonctionnement,511.45,4
dépense,salaires,2383.57,4
dépense,salaires,1818.89,4
dépense,salaires,2131.9,4
dépense,salaires,2122.23,4
dépense,salaires,1978.38,4
dépense,salaires,2396.45,4
dépense,salaires,1953.41,4
dépense,salaires,1907.45,4
dépense,salaires,1650.57,4
dépense,salaires,2396.04,4
dépense,salaires,2077.8,4
dépense,salaires,1985.67,4
dépense,salaires,1758.5,4
dépense,salaires,2203.37,4
dépense,salaires,1790.61,4
dépense,salaires,1704.65,4
dépense,salaires,1500.2,4
dépense,salaires,2369.92,4
dépense,salaires,1916.7,4
dépense,salaires,1953.92,4
recette,billetterie,170.0,4
recette,billetterie,370.0,4
recette,billetterie,230.0,4
recette,billetterie,240.0,4
recette,billetterie,10.0,4
recette,billetterie,50.0,4
recette,billetterie,120.0,4
recette,billetterie,150.0,4
recette,billetterie,20.0,4
recette,billetterie,300.0,4
recette,billetterie,120.0,4
recette,billetterie,180.0,4
recette,billetterie,140.0,4
recette,billetterie,10.0,4
recette,billetterie,30.0,4
recette,billetterie,230.0,4
recette,billetterie,240.0,4
recette,billetterie,230.0,4
recette,billetterie,10.0,4
recette,billetterie,370.0,4
recette,billetterie,170.0,4
recette,billetterie,90.0,4
recette,billetterie,260.0,4
recette,billetterie,190.0,4
recette,billetterie,100.0,4
recette,billetterie,160.0,4
recette,billetterie,340.0,4
recette,billetterie,140.0,4
recette,billetterie,250.0,4
recette,billetterie,40.0,4
recette,billetterie,240.0,4
recette,billetterie,10.0,4
recette,marketing,439.81,4
recette,marketing,616.71,4
recette,marketing,569.07,4
recette,marketing,485.65,4
recette,marketing,392.0,4
recette,marketing,274.27,4
recette,marketing,254.72,4
recette,marketing,481.36,4
recette,marketing,545.89,4
recette,marketing,135.8,4
recette,marketing,389.44,4
recette,marketing,632.99,4
recette,marketing,166.02,4
recette,marketing,713.48,4
recette,marketing,496.28,4
recette,marketing,517.97,4
recette,marketing,574.25,4
recette,sponsoring,2300.0,4
recette,sponsoring,2000.0,4
recette,sponsoring,2100.0,4
recette,sponsoring,800.0,4
recette,sponsoring,1400.0,4
recette,sponsoring,1300.0,4
recette,sponsoring,2500.0,4
recette,sponsoring,300.0,4
recette,sponsoring,1300.0,4
recette,sponsoring,100.0,4
recette,sponsoring,700.0,4
recette,sponsoring,2300.0,4
recette,sponsoring,2500.0,4
recette,sponsoring,2400.0,4
recette,sponsoring,600.0,4
recette,sponsoring,1800.0,4
recette,sponsoring,1600.0,4
recette,sponsoring,2100.0,4
recette,sponsoring,600.0,4
recette,sponsoring,1500.0,4
dépense,autres_charges,100.16,5
dépense,autres_charges,222.63,5
dépense,autres_charges,100.2,5
dépense,autres_charges,271.52,5
dépense,autres_charges,325.55,5
dépense,autres_charges,200.2,5
dépense,autres_charges,254.37,5
dépense,autres_charges,160.98,5
dépense,autres_charges,329.75,5
dépense,autres_charges,225.44,5
dépense,autres_charges,132.39,5
dépense,autres_charges,100.1,5
dépense,autres_charges,100.99,5
dépense,autres_charges,246.59,5
dépense,autres_charges,271.65,5
dépense,autres_charges,133.93,5
dépense,autres_charges,287.44,5
dépense,autres_charges,333.97,5
dépense,autres_charges,196.38,5
dépense,autres_charges,118.49,5
dépense,autres_charges,152.68,5
dépense,autres_charges,231.09,5
dépense,autres_charges,332.83,5
dépense,autres_charges,163.52,5
dépense,autres_charges,180.75,5
dépense,autres_charges,100.29,5
dépense,autres_charges,221.3,5
dépense,autres_charges,245.32,5
dépense,autres_charges,310.1,5
dépense,autres_charges,190.32,5
dépense,autres_charges,132.42,5
dépense,autres_charges,202.13,5
dépense,autres_charges,189.92,5
dépense,autres_charges,207.37,5
dépense,autres_charges,100.88,5
dépense,autres_charges,276.95,5
dépense,autres_charges,100.08,5
dépense,autres_charges,100.4,5
dépense,autres_charges,187.6,5
dépense,autres_charges,148.27,5
dépense,autres_charges,287.42,5
dépense,déplacements,315.23,5
dépense,déplacements,822.2,5
dépense,déplacements,371.05,5
dépense,déplacements,802.26,5
dépense,déplacements,412.74,5
dépense,déplacements,437.22,5
dépense,déplacements,918.04,5
dépense,déplacements,959.91,5
dépense,déplacements,1163.73,5
dépense,déplacements,1076.17,5
dépense,déplacements,1079.54,5
dépense,déplacements,487.54,5
dépense,déplacements,991.97,5
dépense,déplacements,545.4,5
dépense,déplacements,484.57,5
dépense,fonctionnement,126.66,5
dépense,fonctionnement,538.18,5
dépense,fonctionnement,93.37,5
dépense,fonctionnement,94.68,5
dépense,fonctionnement,454.36,5
dépense,fonctionnement,74.31,5
dépense,fonctionnement,325.83,5
dépense,fonctionnement,232.14,5
dépense,fonctionnement,539.62,5
dépense,fonctionnement,77.02,5
dépense,fonctionnement,127.07,5
dépense,fonctionnement,562.96,5
dépense,fonctionnement,362.61,5
dépense,fonctionnement,267.47,5
dépense,fonctionnement,404.22,5
dépense,fonctionnement,407.97,5
dépense,fonctionnement,239.37,5
dépense,fonctionnement,314.37,5
dépense,fonctionnement,230.67,5
dépense,fonctionnement,132.5,5
dépense,fonctionnement,82.59,5
dépense,fonctionnement,345.11,5
dépense,fonctionnement,333.24,5
dépense,fonctionnement,516.83,5
dépense,fonctionnement,478.04,5
dépense,fonctionnement,128.06,5
dépense,fonctionnement,92.33,5
dépense,fonctionnement,211.93,5
dépense,fonctionnement,302.7,5
dépense,fonctionnement,428.63,5
dépense,fonctionnement,104.1,5
dépense,fonctionnement,246.5,5
dépense,salaires,2383.57,5
dépense,salaires,1818.89,5
dépense,salaires,2131.9,5
dépense,salaires,2122.23,5
dépense,salaires,1978.38,5
dépense,salaires,2396.45,5
dépense,salaires,1953.41,5
dépense,salaires,1907.45,5
dépense,salaires,1650.57,5
dépense,salaires,2396.04,5
dépense,salaires,2077.8,5
dépense,salaires,1985.67,5
dépense,salaires,1758.5,5
dépense,salaires,2203.37,5
dépense,salaires,1790.61,5
dépense,salaires,1704.65,5
dépense,salaires,1500.2,5
dépense,salaires,2369.92,5
dépense,salaires,1916.7,5
dépense,salaires,1953.92,5
recette,billetterie,230.0,5
recette,billetterie,130.0,5
recette,billetterie,320.0,5
recette,billetterie,370.0,5
recette,billetterie,300.0,5
recette,billetterie,100.0,5
recette,billetterie,310.0,5
recette,billetterie,300.0,5
recette,billetterie,280.0,5
recette,billetterie,100.0,5
recette,billetterie,10.0,5
recette,billetterie,70.0,5
recette,billetterie,110.0,5
recette,billetterie,90.0,5
recette,billetterie,230.0,5
recette,billetterie,100.0,5
recette,billetterie,70.0,5
recette,billetterie,70.0,5
recette,billetterie,20.0,5
recette,billetterie,270.0,5
recette,billetterie,240.0,5
recette,billetterie,330.0,5
recette,billetterie,220.0,5
recette,billetterie,240.0,5
recette,billetterie,50.0,5
recette,billetterie,340.0,5
recette,billetterie,90.0,5
recette,billetterie,310.0,5
recette,billetterie,290.0,5
recette,billetterie,370.0,5
recette,billetterie,170.0,5
recette,billetterie,390.0,5
recette,billetterie,120.0,5
recette,billetterie,160.0,5
recette,billetterie,190.0,5
recette,billetterie,390.0,5
recette,billetterie,200.0,5
recette,billetterie,120.0,5
recette,marketing,192.04,5
recette,marketing,769.24,5
recette,marketing,402.18,5
recette,marketing,190.91,5
recette,marketing,508.89,5
recette,marketing,170.0,5
recette,marketing,558.12,5
recette,marketing,611.72,5
recette,marketing,613.59,5
recette,marketing,653.37,5
recette,marketing,226.29,5
recette,marketing,653.4,5
recette,sponsoring,2400.0,5
recette,sponsoring,300.0,5
recette,sponsoring,2300.0,5
recette,sponsoring,1900.0,5
recette,sponsoring,1400.0,5
recette,sponsoring,1400.0,5
recette,sponsoring,2600.0,5
recette,sponsoring,500.0,5
recette,sponsoring,2600.0,5
recette,sponsoring,2500.0,5
recette,sponsoring,1500.0,5
recette,sponsoring,700.0,5
recette,sponsoring,100.0,5
recette,sponsoring,2600.0,5
recette,sponsoring,500.0,5
recette,sponsoring,2600.0,5
recette,sponsoring,1800.0,5
recette,sponsoring,1400.0,5
recette,sponsoring,1500.0,5
recette,sponsoring,1300.0,5
recette,sponsoring,2600.0,5
recette,sponsoring,500.0,5
recette,sponsoring,1700.0,5
recette,sponsoring,2300.0,5
recette,sponsoring,300.0,5
recette,sponsoring,900.0,5
recette,sponsoring,2400.0,5
recette,subventions,59600.0,5
dépense,autres_charges,219.08,6
dépense,autres_charges,137.61,6
dépense,autres_charges,233.5,6
dépense,autres_charges,334.59,6
dépense,autres_charges,332.66,6
dépense,autres_charges,229.46,6
dépense,autres_charges,309.36,6
dépense,autres_charges,142.19,6
dépense,autres_charges,239.23,6
dépense,autres_charges,114.68,6
dépense,autres_charges,229.45,6
dépense,autres_charges,274.52,6
dépense,autres_charges,292.47,6
dépense,autres_charges,259.05,6
dépense,autres_charges,203.77,6
dépense,autres_charges,345.97,6
dépense,autres_charges,299.65,6
dépense,autres_charges,227.63,6
dépense,autres_charges,134.33,6
dépense,autres_charges,179.62,6
dépense,autres_charges,173.64,6
dépense,autres_charges,125.65,6
dépense,autres_charges,100.36,6
dépense,autres_charges,259.55,6
dépense,autres_charges,110.93,6
dépense,autres_charges,110.0,6
dépense,autres_charges,204.13,6
dépense,autres_charges,148.24,6
dépense,autres_charges,115.94,6
dépense,autres_charges,252.82,6
dépense,autres_charges,160.3,6
dépense,autres_charges,100.99,6
dépense,autres_charges,114.05,6
dépense,autres_charges,205.84,6
dépense,autres_charges,262.98,6
dépense,autres_charges,124.14,6
dépense,autres_charges,258.03,6
dépense,autres_charges,266.54,6
dépense,autres_charges,129.97,6
dépense,déplacements,514.25,6
dépense,déplacements,893.11,6
dépense,déplacements,361.0,6
dépense,déplacements,882.82,6
dépense,déplacements,967.09,6
dépense,déplacements,385.27,6
dépense,déplacements,1257.26,6
dépense,déplacements,868.08,6
dépense,déplacements,1015.79,6
dépense,fonctionnement,543.3,6
dépense,fonctionnement,293.63,6
dépense,fonctionnement,170.14,6
dépense,fonctionnement,166.12,6
dépense,fonctionnement,418.77,6
dépense,fonctionnement,357.44,6
dépense,fonctionnement,527.94,6
dépense,fonctionnement,464.11,6
dépense,fonctionnement,549.23,6
dépense,fonctionnement,25.05,6
dépense,fonctionnement,547.02,6
dépense,fonctionnement,303.3,6
dépense,fonctionnement,274.23,6
dépense,fonctionnement,484.38,6
dépense,fonctionnement,190.26,6
dépense,fonctionnement,58.02,6
dépense,fonctionnement,534.32,6
dépense,fonctionnement,32.46,6
dépense,fonctionnement,300.23,6
dépense,fonctionnement,20.56,6
dépense,fonctionnement,84.32,6
dépense,fonctionnement,537.6,6
dépense,fonctionnement,35.0,6
dépense,fonctionnement,315.93,6
dépense,fonctionnement,419.06,6
dépense,fonctionnement,64.42,6
dépense,fonctionnement,47.57,6
dépense,fonctionnement,347.66,6
dépense,fonctionnement,498.6,6
dépense,fonctionnement,37.55,6
dépense,fonctionnement,346.15,6
dépense,fonctionnement,436.85,6
dépense,fonctionnement,150.97,6
dépense,fonctionnement,173.75,6
dépense,fonctionnement,198.19,6
dépense,fonctionnement,199.48,6
dépense,fonctionnement,265.91,6
dépense,fonctionnement,353.14,6
dépense,fonctionnement,97.41,6
dépense,fonctionnement,279.02,6
dépense,fonctionnement,510.66,6
dépense,fonctionnement,317.5,6
dépense,salaires,2383.57,6
dépense,salaires,1818.89,6
dépense,salaires,2131.9,6
dépense,salaires,2122.23,6
dépense,salaires,1978.38,6
dépense,salaires,2396.45,6
dépense,salaires,1953.41,6
dépense,salaires,1907.45,6
dépense,salaires,1650.57,6
dépense,salaires,2396.04,6
dépense,salaires,2077.8,6
dépense,salaires,1985.67,6
dépense,salaires,1758.5,6
dépense,salaires,2203.37,6
dépense,salaires,1790.61,6
dépense,salaires,1704.65,6
dépense,salaires,1500.2,6
dépense,salaires,2369.92,6
dépense,salaires,1916.7,6
dépense,salaires,1953.92,6
recette,billetterie,110.0,6
recette,billetterie,170.0,6
recette,billetterie,240.0,6
recette,billetterie,290.0,6
recette,billetterie,80.0,6
recette,billetterie,180.0,6
recette,billetterie,370.0,6
recette,billetterie,300.0,6
recette,billetterie,100.0,6
recette,billetterie,330.0,6
recette,billetterie,390.0,6
recette,billetterie,150.0,6
recette,billetterie,20.0,6
recette,billetterie,270.0,6
recette,billetterie,360.0,6
recette,billetterie,90.0,6
recette,billetterie,60.0,6
recette,billetterie,80.0,6
recette,billetterie,70.0,6
recette,billetterie,200.0,6
recette,billetterie,200.0,6
recette,billetterie,270.0,6
recette,billetterie,370.0,6
recette,billetterie,40.0,6
recette,billetterie,200.0,6
recette,billetterie,340.0,6
recette,billetterie,10.0,6
recette,billetterie,20.0,6
recette,billetterie,60.0,6
recette,billetterie,350.0,6
recette,billetterie,180.0,6
recette,billetterie,130.0,6
recette,billetterie,340.0,6
recette,billetterie,380.0,6
recette,billetterie,280.0,6
recette,billetterie,310.0,6
recette,marketing,157.94,6
recette,marketing,517.63,6
recette,marketing,100.75,6
recette,marketing,274.82,6
recette,marketing,557.8,6
recette,marketing,168.91,6
recette,marketing,135.74,6
recette,marketing,269.0,6
recette,marketing,407.52,6
recette,marketing,499.89,6
recette,marketing,425.12,6
recette,marketing,452.98,6
recette,marketing,225.4,6
recette,marketing,534.65,6
recette,marketing,153.45,6
recette,marketing,140.38,6
recette,marketing,351.69,6
recette,marketing,168.54,6
recette,marketing,668.88,6
recette,marketing,466.48,6
recette,marketing,164.3,6
recette,sponsoring,1800.0,6
recette,sponsoring,100.0,6
recette,sponsoring,2000.0,6
recette,sponsoring,1600.0,6
recette,sponsoring,1800.0,6
recette,sponsoring,300.0,6
recette,sponsoring,1600.0,6
recette,sponsoring,1900.0,6
recette,sponsoring,1800.0,6
recette,sponsoring,800.0,6
recette,sponsoring,2100.0,6
dépense,autres_charges,307.87,7
dépense,autres_charges,124.72,7
dépense,autres_charges,217.69,7
dépense,autres_charges,120.18,7
dépense,autres_charges,322.9,7
dépense,autres_charges,279.36,7
dépense,autres_charges,234.99,7
dépense,autres_charges,177.2,7
dépense,autres_charges,100.14,7
dépense,autres_charges,100.21,7
dépense,autres_charges,210.61,7
dépense,autres_charges,100.19,7
dépense,autres_charges,121.51,7
dépense,autres_charges,213.89,7
dépense,autres_charges,264.56,7
dépense,autres_charges,179.52,7
dépense,autres_charges,174.97,7
dépense,autres_charges,100.85,7
dépense,autres_charges,100.67,7
dépense,autres_charges,342.5,7
dépense,autres_charges,329.91,7
dépense,autres_charges,136.17,7
dépense,autres_charges,172.92,7
dépense,autres_charges,317.96,7
dépense,autres_charges,110.82,7
dépense,déplacements,200.93,7
dépense,déplacements,1103.36,7
dépense,déplacements,457.2,7
dépense,déplacements,593.28,7
dépense,déplacements,1048.11,7
dépense,déplacements,336.93,7
dépense,déplacements,1221.37,7
dépense,déplacements,200.23,7
dépense,déplacements,814.17,7
dépense,déplacements,539.3,7
dépense,déplacements,241.19,7
dépense,déplacements,706.36,7
dépense,déplacements,338.52,7
dépense,déplacements,236.76,7
dépense,fonctionnement,272.38,7
dépense,fonctionnement,326.66,7
dépense,fonctionnement,20.35,7
dépense,fonctionnement,82.06,7
dépense,fonctionnement,222.39,7
dépense,fonctionnement,76.87,7
dépense,fonctionnement,25.42,7
dépense,fonctionnement,57.27,7
dépense,fonctionnement,475.76,7
dépense,fonctionnement,40.66,7
dépense,fonctionnement,520.59,7
dépense,fonctionnement,376.62,7
dépense,fonctionnement,119.61,7
dépense,fonctionnement,532.39,7
dépense,fonctionnement,365.91,7
dépense,fonctionnement,358.14,7
dépense,fonctionnement,119.62,7
dépense,fonctionnement,386.25,7
dépense,fonctionnement,301.2,7
dépense,fonctionnement,195.57,7
dépense,fonctionnement,14.87,7
dépense,fonctionnement,477.04,7
dépense,fonctionnement,211.81,7
dépense,fonctionnement,345.77,7
dépense,fonctionnement,347.99,7
dépense,fonctionnement,490.11,7
dépense,fonctionnement,239.13,7
dépense,fonctionnement,487.56,7
dépense,fonctionnement,446.53,7
dépense,fonctionnement,563.13,7
dépense,fonctionnement,186.56,7
dépense,fonctionnement,168.45,7
dépense,fonctionnement,58.05,7
dépense,fonctionnement,147.91,7
dépense,fonctionnement,532.48,7
dépense,fonctionnement,535.36,7
dépense,fonctionnement,351.26,7
dépense,fonctionnement,506.36,7
dépense,salaires,2383.57,7
dépense,salaires,1818.89,7
dépense,salaires,2131.9,7
dépense,salaires,2122.23,7
dépense,salaires,1978.38,7
dépense,salaires,2396.45,7
dépense,salaires,1953.41,7
dépense,salaires,1907.45,7
dépense,salaires,1650.57,7
dépense,salaires,2396.04,7
dépense,salaires,2077.8,7
dépense,salaires,1985.67,7
dépense,salaires,1758.5,7
dépense,salaires,2203.37,7
dépense,salaires,1790.61,7
dépense,salaires,1704.65,7
dépense,salaires,1500.2,7
dépense,salaires,2369.92,7
dépense,salaires,1916.7,7
dépense,salaires,1953.92,7
recette,billetterie,390.0,7
recette,billetterie,150.0,7
recette,billetterie,330.0,7
recette,billetterie,120.0,7
recette,billetterie,30.0,7
recette,billetterie,200.0,7
recette,billetterie,290.0,7
recette,billetterie,170.0,7
recette,billetterie,260.0,7
recette,billetterie,250.0,7
recette,billetterie,360.0,7
recette,billetterie,110.0,7
recette,billetterie,260.0,7
recette,billetterie,110.0,7
recette,billetterie,260.0,7
recette,billetterie,40.0,7
recette,billetterie,210.0,7
recette,billetterie,100.0,7
recette,billetterie,230.0,7
recette,billetterie,200.0,7
recette,billetterie,50.0,7
recette,billetterie,50.0,7
recette,billetterie,10.0,7
recette,billetterie,20.0,7
recette,billetterie,270.0,7
recette,billetterie,300.0,7
recette,billetterie,380.0,7
recette,billetterie,180.0,7
recette,billetterie,330.0,7
recette,billetterie,290.0,7
recette,billetterie,10.0,7
recette,billetterie,160.0,7
recette,billetterie,140.0,7
recette,billetterie,20.0,7
recette,billetterie,160.0,7
recette,billetterie,200.0,7
recette,billetterie,340.0,7
recette,marketing,743.43,7
recette,marketing,620.4,7
recette,marketing,435.06,7
recette,marketing,308.64,7
recette,marketing,618.94,7
recette,marketing,355.83,7
recette,marketing,149.46,7
recette,marketing,730.45,7
recette,marketing,100.57,7
recette,marketing,147.12,7
recette,marketing,351.11,7
recette,marketing,210.25,7
recette,marketing,295.3,7
recette,marketing,771.33,7
recette,marketing,437.89,7
recette,marketing,451.53,7
recette,sponsoring,400.0,7
recette,sponsoring,2400.0,7
recette,sponsoring,2500.0,7
recette,sponsoring,2500.0,7
recette,sponsoring,2000.0,7
recette,sponsoring,400.0,7
recette,sponsoring,2600.0,7
recette,sponsoring,100.0,7
recette,sponsoring,2300.0,7
recette,sponsoring,2300.0,7
recette,sponsoring,2100.0,7
recette,sponsoring,2400.0,7
recette,sponsoring,300.0,7
recette,sponsoring,1900.0,7
recette,sponsoring,100.0,7
recette,sponsoring,700.0,7
recette,sponsoring,1500.0,7
recette,sponsoring,1100.0,7
recette,sponsoring,1900.0,7
recette,sponsoring,2200.0,7
dépense,autres_charges,105.47,8
dépense,autres_charges,231.62,8
dépense,autres_charges,278.1,8
dépense,autres_charges,321.61,8
dépense,autres_charges,100.11,8
dépense,autres_charges,136.97,8
dépense,autres_charges,283.79,8
dépense,autres_charges,220.23,8
dépense,autres_charges,258.34,8
dépense,autres_charges,153.08,8
dépense,autres_charges,232.64,8
dépense,autres_charges,151.84,8
dépense,autres_charges,340.83,8
dépense,autres_charges,291.88,8
dépense,autres_charges,283.93,8
dépense,autres_charges,332.64,8
dépense,autres_charges,133.91,8
dépense,autres_charges,231.65,8
dépense,autres_charges,142.41,8
dépense,autres_charges,100.95,8
dépense,autres_charges,100.64,8
dépense,autres_charges,315.82,8
dépense,autres_charges,293.17,8
dépense,autres_charges,118.92,8
dépense,autres_charges,248.92,8
dépense,autres_charges,100.22,8
dépense,autres_charges,170.24,8
dépense,autres_charges,170.23,8
dépense,autres_charges,311.85,8
dépense,autres_charges,253.25,8
dépense,autres_charges,100.25,8
dépense,autres_charges,292.59,8
dépense,autres_charges,326.58,8
dépense,autres_charges,195.59,8
dépense,déplacements,1200.08,8
dépense,déplacements,576.54,8
dépense,déplacements,496.36,8
dépense,déplacements,1011.17,8
dépense,déplacements,1079.75,8
dépense,déplacements,577.65,8
dépense,déplacements,503.18,8
dépense,déplacements,1010.73,8
dépense,déplacements,774.67,8
dépense,déplacements,607.1,8
dépense,fonctionnement,584.51,8
dépense,fonctionnement,179.32,8
dépense,fonctionnement,533.6,8
dépense,fonctionnement,197.54,8
dépense,fonctionnement,409.32,8
dépense,fonctionnement,563.29,8
dépense,fonctionnement,593.26,8
dépense,fonctionnement,180.02,8
dépense,fonctionnement,72.52,8
dépense,fonctionnement,592.84,8
dépense,fonctionnement,363.19,8
dépense,fonctionnement,264.86,8
dépense,fonctionnement,241.8,8
dépense,fonctionnement,544.74,8
dépense,fonctionnement,255.29,8
dépense,fonctionnement,241.55,8
dépense,fonctionnement,505.21,8
dépense,fonctionnement,282.55,8
dépense,fonctionnement,191.63,8
dépense,fonctionnement,252.16,8
dépense,fonctionnement,260.71,8
dépense,fonctionnement,192.33,8
dépense,fonctionnement,466.96,8
dépense,fonctionnement,36.64,8
dépense,fonctionnement,551.95,8
dépense,fonctionnement,53.42,8
dépense,fonctionnement,283.5,8
dépense,fonctionnement,109.22,8
dépense,fonctionnement,108.28,8
dépense,salaires,2383.57,8
dépense,salaires,1818.89,8
dépense,salaires,2131.9,8
dépense,salaires,2122.23,8
dépense,salaires,1978.38,8
dépense,salaires,2396.45,8
dépense,salaires,1953.41,8
dépense,salaires,1907.45,8
dépense,salaires,1650.57,8
dépense,salaires,2396.04,8
dépense,salaires,2077.8,8
dépense,salaires,1985.67,8
dépense,salaires,1758.5,8
dépense,salaires,2203.37,8
dépense,salaires,1790.61,8
dépense,salaires,1704.65,8
dépense,salaires,1500.2,8
dépense,salaires,2369.92,8
dépense,salaires,1916.7,8
dépense,salaires,1953.92,8
recette,billetterie,180.0,8
recette,billetterie,220.0,8
recette,billetterie,220.0,8
recette,billetterie,110.0,8
recette,billetterie,230.0,8
recette,billetterie,40.0,8
recette,billetterie,20.0,8
recette,billetterie,280.0,8
recette,billetterie,20.0,8
recette,billetterie,270.0,8
recette,billetterie,110.0,8
recette,billetterie,140.0,8
recette,billetterie,60.0,8
recette,billetterie,120.0,8
recette,billetterie,140.0,8
recette,billetterie,30.0,8
recette,billetterie,330.0,8
recette,billetterie,130.0,8
recette,billetterie,40.0,8
recette,billetterie,210.0,8
recette,billetterie,50.0,8
recette,billetterie,350.0,8
recette,billetterie,110.0,8
recette,billetterie,350.0,8
recette,billetterie,270.0,8
recette,billetterie,350.0,8
recette,billetterie,150.0,8
recette,billetterie,370.0,8
recette,billetterie,190.0,8
recette,billetterie,320.0,8
recette,billetterie,300.0,8
recette,billetterie,350.0,8
recette,billetterie,130.0,8
recette,marketing,761.75,8
recette,marketing,410.7,8
recette,marketing,446.52,8
recette,marketing,100.94,8
recette,marketing,179.02,8
recette,marketing,125.26,8
recette,marketing,145.19,8
recette,marketing,240.04,8
recette,marketing,233.77,8
recette,marketing,191.12,8
recette,marketing,316.63,8
recette,marketing,450.29,8
recette,marketing,259.49,8
recette,marketing,168.37,8
recette,sponsoring,2200.0,8
recette,sponsoring,900.0,8
recette,sponsoring,1300.0,8
recette,sponsoring,900.0,8
recette,sponsoring,1900.0,8
recette,sponsoring,2100.0,8
recette,sponsoring,2000.0,8
recette,sponsoring,1500.0,8
recette,sponsoring,1800.0,8
recette,sponsoring,2000.0,8
recette,sponsoring,1500.0,8
recette,sponsoring,1100.0,8
recette,sponsoring,700.0,8
recette,sponsoring,2100.0,8
recette,sponsoring,2500.0,8
recette,sponsoring,1100.0,8
recette,sponsoring,900.0,8
recette,sponsoring,100.0,8
recette,sponsoring,1500.0,8
dépense,autres_charges,100.6,9
dépense,autres_charges,115.06,9
dépense,autres_charges,216.57,9
dépense,autres_charges,123.02,9
dépense,autres_charges,106.04,9
dépense,autres_charges,197.25,9
dépense,autres_charges,287.29,9
dépense,autres_charges,301.19,9
dépense,autres_charges,171.33,9
dépense,autres_charges,202.8,9
dépense,autres_charges,210.33,9
dépense,autres_charges,166.02,9
dépense,autres_charges,193.67,9
dépense,autres_charges,167.34,9
dépense,autres_charges,252.03,9
dépense,autres_charges,324.72,9
dépense,autres_charges,100.89,9
dépense,autres_charges,249.12,9
dépense,autres_charges,100.14,9
dépense,autres_charges,100.17,9
dépense,autres_charges,276.25,9
dépense,autres_charges,198.4,9
dépense,autres_charges,321.32,9
dépense,autres_charges,278.52,9
dépense,autres_charges,100.96,9
dépense,autres_charges,297.84,9
dépense,autres_charges,224.95,9
dépense,autres_charges,165.56,9
dépense,autres_charges,271.69,9
dépense,autres_charges,262.5,9
dépense,autres_charges,128.94,9
dépense,déplacements,1007.26,9
dépense,déplacements,1014.98,9
dépense,déplacements,998.78,9
dépense,déplacements,200.93,9
dépense,déplacements,412.39,9
dépense,déplacements,1061.61,9
dépense,déplacements,259.74,9
dépense,déplacements,559.45,9
dépense,déplacements,300.98,9
dépense,déplacements,1080.09,9
dépense,déplacements,813.99,9
dépense,déplacements,744.0,9
dépense,déplacements,687.32,9
dépense,déplacements,1244.92,9
dépense,déplacements,223.16,9
dépense,déplacements,975.85,9
dépense,déplacements,688.55,9
dépense,déplacements,515.03,9
dépense,déplacements,1096.66,9
dépense,déplacements,427.44,9
dépense,déplacements,542.01,9
dépense,fonctionnement,400.78,9
dépense,fonctionnement,525.57,9
dépense,fonctionnement,471.52,9
dépense,fonctionnement,137.88,9
dépense,fonctionnement,153.73,9
dépense,fonctionnement,490.73,9
dépense,fonctionnement,164.47,9
dépense,fonctionnement,330.06,9
dépense,fonctionnement,266.42,9
dépense,fonctionnement,28.64,9
dépense,fonctionnement,300.29,9
dépense,fonctionnement,590.62,9
dépense,fonctionnement,321.86,9
dépense,fonctionnement,334.77,9
dépense,fonctionnement,115.05,9
dépense,fonctionnement,145.37,9
dépense,fonctionnement,306.73,9
dépense,fonctionnement,458.98,9
dépense,fonctionnement,383.39,9
dépense,fonctionnement,51.37,9
dépense,fonctionnement,470.53,9
dépense,fonctionnement,237.22,9
dépense,fonctionnement,445.57,9
dépense,fonctionnement,177.06,9
dépense,fonctionnement,434.27,9
dépense,fonctionnement,178.31,9
dépense,salaires,2383.57,9
dépense,salaires,1818.89,9
dépense,salaires,2131.9,9
dépense,salaires,2122.23,9
dépense,salaires,1978.38,9
dépense,salaires,2396.45,9
dépense,salaires,1953.41,9
dépense,salaires,1907.45,9
dépense,salaires,1650.57,9
dépense,salaires,2396.04,9
dépense,salaires,2077.8,9
dépense,salaires,1985.67,9
dépense,salaires,1758.5,9
dépense,salaires,2203.37,9
dépense,salaires,1790.61,9
dépense,salaires,1704.65,9
dépense,salaires,1500.2,9
dépense,salaires,2369.92,9
dépense,salaires,1916.7,9
dépense,salaires,1953.92,9
recette,billetterie,330.0,9
recette,billetterie,190.0,9
recette,billetterie,280.0,9
recette,billetterie,230.0,9
recette,billetterie,180.0,9
recette,billetterie,80.0,9
recette,billetterie,60.0,9
recette,billetterie,330.0,9
recette,billetterie,310.0,9
recette,billetterie,310.0,9
recette,billetterie,40.0,9
recette,billetterie,150.0,9
recette,billetterie,390.0,9
recette,billetterie,50.0,9
recette,billetterie,310.0,9
recette,billetterie,220.0,9
recette,billetterie,350.0,9
recette,billetterie,230.0,9
recette,billetterie,80.0,9
recette,billetterie,220.0,9
recette,billetterie,310.0,9
recette,billetterie,340.0,9
recette,billetterie,80.0,9
recette,billetterie,210.0,9
recette,billetterie,90.0,9
recette,billetterie,140.0,9
recette,billetterie,350.0,9
recette,marketing,733.67,9
recette,marketing,298.99,9
recette,marketing,170.39,9
recette,marketing,472.3,9
recette,marketing,617.77,9
recette,marketing,319.21,9
recette,marketing,521.1,9
recette,marketing,185.11,9
recette,marketing,375.39,9
recette,marketing,242.48,9
recette,marketing,518.08,9
recette,marketing,387.04,9
recette,marketing,165.46,9
recette,marketing,610.81,9
recette,marketing,606.4,9
recette,marketing,176.09,9
recette,marketing,618.79,9
recette,marketing,542.69,9
recette,marketing,227.9,9
recette,sponsoring,1500.0,9
recette,sponsoring,900.0,9
recette,sponsoring,1000.0,9
recette,sponsoring,300.0,9
recette,sponsoring,400.0,9
recette,sponsoring,2500.0,9
recette,sponsoring,2100.0,9
recette,sponsoring,100.0,9
recette,sponsoring,1600.0,9
recette,sponsoring,800.0,9
recette,sponsoring,2000.0,9
recette,sponsoring,2000.0,9
recette,sponsoring,1700.0,9
recette,sponsoring,2300.0,9
recette,sponsoring,700.0,9
recette,sponsoring,1600.0,9
recette,sponsoring,1100.0,9
recette,sponsoring,1700.0,9
recette,sponsoring,2000.0,9
recette,sponsoring,900.0,9
recette,sponsoring,2000.0,9
dépense,autres_charges,100.88,10
dépense,autres_charges,181.42,10
dépense,autres_charges,306.2,10
dépense,autres_charges,100.46,10
dépense,autres_charges,269.61,10
dépense,autres_charges,185.09,10
dépense,autres_charges,137.81,10
dépense,autres_charges,210.46,10
dépense,autres_charges,196.41,10
dépense,autres_charges,200.54,10
dépense,autres_charges,119.06,10
dépense,autres_charges,257.73,10
dépense,autres_charges,100.53,10
dépense,autres_charges,100.61,10
dépense,autres_charges,303.54,10
dépense,autres_charges,129.21,10
dépense,autres_charges,111.21,10
dépense,autres_charges,279.34,10
dépense,autres_charges,282.32,10
dépense,autres_charges,117.02,10
dépense,autres_charges,261.53,10
dépense,autres_charges,101.9,10
dépense,autres_charges,100.54,10
dépense,autres_charges,237.08,10
dépense,autres_charges,157.45,10
dépense,autres_charges,104.11,10
dépense,autres_charges,291.12,10
dépense,autres_charges,196.69,10
dépense,autres_charges,297.26,10
dépense,autres_charges,185.82,10
dépense,autres_charges,348.64,10
dépense,autres_charges,306.35,10
dépense,autres_charges,209.82,10
dépense,autres_charges,226.86,10
dépense,autres_charges,199.97,10
dépense,autres_charges,100.91,10
dépense,autres_charges,331.22,10
dépense,autres_charges,216.31,10
dépense,autres_charges,159.89,10
dépense,autres_charges,230.9,10
dépense,autres_charges,181.44,10
dépense,autres_charges,271.42,10
dépense,autres_charges,152.73,10
dépense,autres_charges,100.94,10
dépense,déplacements,822.56,10
dépense,déplacements,207.72,10
dépense,déplacements,463.54,10
dépense,déplacements,1111.21,10
dépense,déplacements,424.74,10
dépense,déplacements,802.36,10
dépense,déplacements,545.53,10
dépense,déplacements,200.36,10
dépense,déplacements,729.14,10
dépense,déplacements,383.56,10
dépense,fonctionnement,53.9,10
dépense,fonctionnement,87.08,10
dépense,fonctionnement,52.09,10
dépense,fonctionnement,299.3,10
dépense,fonctionnement,169.12,10
dépense,fonctionnement,219.05,10
dépense,fonctionnement,312.55,10
dépense,fonctionnement,244.86,10
dépense,fonctionnement,257.69,10
dépense,fonctionnement,512.56,10
dépense,fonctionnement,555.38,10
dépense,fonctionnement,297.43,10
dépense,fonctionnement,288.07,10
dépense,fonctionnement,121.44,10
dépense,fonctionnement,324.12,10
dépense,fonctionnement,450.32,10
dépense,fonctionnement,466.67,10
dépense,fonctionnement,256.62,10
dépense,fonctionnement,549.64,10
dépense,fonctionnement,49.85,10
dépense,fonctionnement,157.59,10
dépense,fonctionnement,315.64,10
dépense,fonctionnement,478.06,10
dépense,fonctionnement,412.3,10
dépense,fonctionnement,126.66,10
dépense,fonctionnement,353.28,10
dépense,salaires,2383.57,10
dépense,salaires,1818.89,10
dépense,salaires,2131.9,10
dépense,salaires,2122.23,10
dépense,salaires,1978.38,10
dépense,salaires,2396.45,10
dépense,salaires,1953.41,10
dépense,salaires,1907.45,10
dépense,salaires,1650.57,10
dépense,salaires,2396.04,10
dépense,salaires,2077.8,10
dépense,salaires,1985.67,10
dépense,salaires,1758.5,10
dépense,salaires,2203.37,10
dépense,salaires,1790.61,10
dépense,salaires,1704.65,10
dépense,salaires,1500.2,10
dépense,salaires,2369.92,10
dépense,salaires,1916.7,10
dépense,salaires,1953.92,10
recette,billetterie,390.0,10
recette,billetterie,240.0,10
recette,billetterie,370.0,10
recette,billetterie,90.0,10
recette,billetterie,300.0,10
recette,billetterie,230.0,10
recette,billetterie,290.0,10
recette,billetterie,140.0,10
recette,billetterie,60.0,10
recette,billetterie,290.0,10
recette,billetterie,340.0,10
recette,billetterie,70.0,10
recette,billetterie,230.0,10
recette,billetterie,310.0,10
recette,billetterie,210.0,10
recette,billetterie,120.0,10
recette,billetterie,160.0,10
recette,billetterie,260.0,10
recette,billetterie,320.0,10
recette,billetterie,360.0,10
recette,billetterie,340.0,10
recette,billetterie,390.0,10
recette,billetterie,330.0,10
recette,billetterie,110.0,10
recette,billetterie,100.0,10
recette,billetterie,50.0,10
recette,billetterie,90.0,10
recette,billetterie,120.0,10
recette,billetterie,220.0,10
recette,billetterie,300.0,10
recette,billetterie,280.0,10
recette,billetterie,330.0,10
recette,marketing,597.11,10
recette,marketing,666.58,10
recette,marketing,234.54,10
recette,marketing,660.51,10
recette,marketing,536.17,10
recette,marketing,107.42,10
recette,marketing,124.46,10
recette,marketing,227.09,10
recette,marketing,123.87,10
recette,marketing,743.41,10
recette,marketing,611.97,10
recette,marketing,442.12,10
recette,marketing,357.14,10
recette,marketing,207.74,10
recette,marketing,748.57,10
recette,marketing,747.93,10
recette,marketing,761.21,10
recette,sponsoring,2300.0,10
recette,sponsoring,200.0,10
recette,sponsoring,1400.0,10
recette,sponsoring,1200.0,10
recette,sponsoring,800.0,10
recette,sponsoring,1300.0,10
recette,sponsoring,300.0,10
recette,sponsoring,1500.0,10
recette,sponsoring,800.0,10
recette,sponsoring,400.0,10
recette,sponsoring,2000.0,10
recette,subventions,36100.0,10
dépense,autres_charges,290.51,11
dépense,autres_charges,300.91,11
dépense,autres_charges,158.93,11
dépense,autres_charges,250.23,11
dépense,autres_charges,130.3,11
dépense,autres_charges,100.86,11
dépense,autres_charges,100.92,11
dépense,autres_charges,143.79,11
dépense,autres_charges,206.11,11
dépense,autres_charges,162.32,11
dépense,autres_charges,203.68,11
dépense,autres_charges,294.13,11
dépense,autres_charges,328.02,11
dépense,autres_charges,158.75,11
dépense,autres_charges,141.82,11
dépense,autres_charges,318.57,11
dépense,autres_charges,201.01,11
dépense,autres_charges,222.91,11
dépense,autres_charges,100.52,11
dépense,autres_charges,224.04,11
dépense,autres_charges,166.9,11
dépense,autres_charges,314.4,11
dépense,autres_charges,126.23,11
dépense,autres_charges,150.71,11
dépense,autres_charges,241.49,11
dépense,autres_charges,100.04,11
dépense,autres_charges,224.81,11
dépense,autres_charges,330.23,11
dépense,autres_charges,193.28,11
dépense,déplacements,955.98,11
dépense,déplacements,546.93,11
dépense,déplacements,851.65,11
dépense,déplacements,1081.89,11
dépense,déplacements,587.9,11
dépense,déplacements,559.33,11
dépense,déplacements,737.64,11
dépense,déplacements,1168.87,11
dépense,déplacements,311.68,11
dépense,déplacements,376.31,11
dépense,déplacements,277.65,11
dépense,déplacements,417.09,11
dépense,déplacements,664.95,11
dépense,déplacements,310.18,11
dépense,déplacements,331.22,11
dépense,déplacements,580.76,11
dépense,déplacements,937.02,11
dépense,déplacements,200.63,11
dépense,fonctionnement,244.82,11
dépense,fonctionnement,417.58,11
dépense,fonctionnement,370.98,11
dépense,fonctionnement,579.43,11
dépense,fonctionnement,262.29,11
dépense,fonctionnement,517.23,11
dépense,fonctionnement,280.51,11
dépense,fonctionnement,76.76,11
dépense,fonctionnement,327.82,11
dépense,fonctionnement,335.51,11
dépense,fonctionnement,84.32,11
dépense,fonctionnement,311.07,11
dépense,fonctionnement,152.02,11
dépense,fonctionnement,131.24,11
dépense,fonctionnement,460.59,11
dépense,fonctionnement,185.14,11
dépense,fonctionnement,367.06,11
dépense,fonctionnement,572.01,11
dépense,fonctionnement,302.69,11
dépense,fonctionnement,403.12,11
dépense,fonctionnement,570.52,11
dépense,fonctionnement,304.07,11
dépense,fonctionnement,46.86,11
dépense,fonctionnement,174.0,11
dépense,fonctionnement,215.01,11
dépense,fonctionnement,419.81,11
dépense,fonctionnement,430.77,11
dépense,fonctionnement,332.68,11
dépense,fonctionnement,58.63,11
dépense,salaires,2383.57,11
dépense,salaires,1818.89,11
dépense,salaires,2131.9,11
dépense,salaires,2122.23,11
dépense,salaires,1978.38,11
dépense,salaires,2396.45,11
dépense,salaires,1953.41,11
dépense,salaires,1907.45,11
dépense,salaires,1650.57,11
dépense,salaires,2396.04,11
dépense,salaires,2077.8,11
dépense,salaires,1985.67,11
dépense,salaires,1758.5,11
dépense,salaires,2203.37,11
dépense,salaires,1790.61,11
dépense,salaires,1704.65,11
dépense,salaires,1500.2,11
dépense,salaires,2369.92,11
dépense,salaires,1916.7,11
dépense,salaires,1953.92,11
recette,billetterie,160.0,11
recette,billetterie,100.0,11
recette,billetterie,130.0,11
recette,billetterie,310.0,11
recette,billetterie,370.0,11
recette,billetterie,230.0,11
recette,billetterie,220.0,11
recette,billetterie,100.0,11
recette,billetterie,230.0,11
recette,billetterie,310.0,11
recette,billetterie,280.0,11
recette,billetterie,360.0,11
recette,billetterie,130.0,11
recette,billetterie,70.0,11
recette,billetterie,280.0,11
recette,billetterie,110.0,11
recette,billetterie,210.0,11
recette,billetterie,380.0,11
recette,billetterie,80.0,11
recette,billetterie,280.0,11
recette,billetterie,240.0,11
recette,billetterie,290.0,11
recette,billetterie,290.0,11
recette,billetterie,130.0,11
recette,billetterie,360.0,11
recette,billetterie,90.0,11
recette,billetterie,210.0,11
recette,billetterie,250.0,11
recette,billetterie,260.0,11
recette,billetterie,270.0,11
recette,billetterie,380.0,11
recette,billetterie,140.0,11
recette,billetterie,110.0,11
recette,billetterie,30.0,11
recette,billetterie,230.0,11
recette,billetterie,120.0,11
recette,marketing,619.9,11
recette,marketing,480.54,11
recette,marketing,176.2,11
recette,marketing,645.8,11
recette,marketing,264.96,11
recette,marketing,766.27,11
recette,marketing,473.04,11
recette,marketing,716.0,11
recette,marketing,340.81,11
recette,marketing,588.27,11
recette,marketing,461.8,11
recette,marketing,707.26,11
recette,marketing,751.43,11
recette,sponsoring,900.0,11
recette,sponsoring,1900.0,11
recette,sponsoring,500.0,11
recette,sponsoring,2200.0,11
recette,sponsoring,1300.0,11
recette,sponsoring,500.0,11
recette,sponsoring,600.0,11
recette,sponsoring,1500.0,11
recette,sponsoring,700.0,11
recette,sponsoring,1100.0,11
recette,sponsoring,1800.0,11
recette,sponsoring,300.0,11
recette,sponsoring,1100.0,11
recette,sponsoring,300.0,11
recette,sponsoring,2000.0,11
recette,subventions,49600.0,11
recette,subventions,65800.0,11
recette,subventions,88400.0,11
dépense,autres_charges,246.89,12
dépense,autres_charges,268.42,12
dépense,autres_charges,213.95,12
dépense,autres_charges,103.59,12
dépense,autres_charges,134.95,12
dépense,autres_charges,153.3,12
dépense,autres_charges,310.09,12
dépense,autres_charges,103.42,12
dépense,autres_charges,286.02,12
dépense,autres_charges,100.32,12
dépense,autres_charges,173.96,12
dépense,autres_charges,261.6,12
dépense,autres_charges,125.78,12
dépense,autres_charges,141.17,12
dépense,autres_charges,100.92,12
dépense,autres_charges,123.46,12
dépense,autres_charges,216.05,12
dépense,autres_charges,147.02,12
dépense,autres_charges,192.74,12
dépense,autres_charges,100.45,12
dépense,autres_charges,118.58,12
dépense,autres_charges,241.88,12
dépense,autres_charges,276.09,12
dépense,autres_charges,142.34,12
dépense,autres_charges,100.84,12
dépense,autres_charges,228.2,12
dépense,déplacements,508.43,12
dépense,déplacements,469.34,12
dépense,déplacements,203.33,12
dépense,déplacements,264.56,12
dépense,déplacements,1183.32,12
dépense,déplacements,285.74,12
dépense,déplacements,310.4,12
dépense,déplacements,200.16,12
dépense,déplacements,785.77,12
dépense,déplacements,806.4,12
dépense,déplacements,200.51,12
dépense,déplacements,835.29,12
dépense,déplacements,730.52,12
dépense,déplacements,272.55,12
dépense,déplacements,913.77,12
dépense,déplacements,1079.69,12
dépense,déplacements,1038.24,12
dépense,fonctionnement,295.44,12
dépense,fonctionnement,423.84,12
dépense,fonctionnement,395.08,12
dépense,fonctionnement,185.24,12
dépense,fonctionnement,448.13,12
dépense,fonctionnement,48.95,12
dépense,fonctionnement,133.33,12
dépense,fonctionnement,394.44,12
dépense,fonctionnement,361.68,12
dépense,fonctionnement,198.83,12
dépense,fonctionnement,360.93,12
dépense,fonctionnement,74.19,12
dépense,fonctionnement,426.58,12
dépense,fonctionnement,242.4,12
dépense,fonctionnement,557.92,12
dépense,fonctionnement,303.86,12
dépense,fonctionnement,248.44,12
dépense,fonctionnement,289.09,12
dépense,fonctionnement,552.16,12
dépense,fonctionnement,340.23,12
dépense,fonctionnement,446.57,12
dépense,fonctionnement,68.31,12
dépense,fonctionnement,406.72,12
dépense,fonctionnement,584.01,12
dépense,fonctionnement,363.82,12
dépense,fonctionnement,555.6,12
dépense,fonctionnement,306.31,12
dépense,fonctionnement,523.09,12
dépense,fonctionnement,209.95,12
dépense,fonctionnement,247.41,12
dépense,fonctionnement,186.02,12
dépense,fonctionnement,10.68,12
dépense,fonctionnement,94.03,12
dépense,fonctionnement,123.56,12
dépense,fonctionnement,289.62,12
dépense,salaires,2383.57,12
dépense,salaires,1818.89,12
dépense,salaires,2131.9,12
dépense,salaires,2122.23,12
dépense,salaires,1978.38,12
dépense,salaires,2396.45,12
dépense,salaires,1953.41,12
dépense,salaires,1907.45,12
dépense,salaires,1650.57,12
dépense,salaires,2396.04,12
dépense,salaires,2077.8,12
dépense,salaires,1985.67,12
dépense,salaires,1758.5,12
dépense,salaires,2203.37,12
dépense,salaires,1790.61,12
dépense,salaires,1704.65,12
dépense,salaires,1500.2,12
dépense,salaires,2369.92,12
dépense,salaires,1916.7,12
dépense,salaires,1953.92,12
recette,billetterie,280.0,12
recette,billetterie,70.0,12
recette,billetterie,20.0,12
recette,billetterie,10.0,12
recette,billetterie,260.0,12
recette,billetterie,140.0,12
recette,billetterie,120.0,12
recette,billetterie,190.0,12
recette,billetterie,130.0,12
recette,billetterie,210.0,12
recette,billetterie,230.0,12
recette,billetterie,230.0,12
recette,billetterie,80.0,12
recette,billetterie,300.0,12
recette,billetterie,120.0,12
recette,billetterie,170.0,12
recette,billetterie,70.0,12
recette,billetterie,340.0,12
recette,billetterie,320.0,12
recette,billetterie,40.0,12
recette,billetterie,240.0,12
recette,billetterie,160.0,12
recette,billetterie,360.0,12
recette,billetterie,150.0,12
recette,billetterie,190.0,12
recette,billetterie,90.0,12
recette,billetterie,330.0,12
recette,billetterie,220.0,12
recette,billetterie,110.0,12
recette,billetterie,10.0,12
recette,billetterie,300.0,12
recette,billetterie,310.0,12
recette,billetterie,130.0,12
recette,billetterie,310.0,12
recette,billetterie,100.0,12
recette,billetterie,350.0,12
recette,billetterie,180.0,12
recette,billetterie,180.0,12
recette,billetterie,110.0,12
recette,billetterie,120.0,12
recette,billetterie,50.0,12
recette,billetterie,160.0,12
recette,billetterie,280.0,12
recette,marketing,368.2,12
recette,marketing,211.97,12
recette,marketing,253.99,12
recette,marketing,502.54,12
recette,marketing,163.53,12
recette,marketing,134.0,12
recette,marketing,100.71,12
recette,marketing,266.56,12
recette,marketing,608.67,12
recette,marketing,366.72,12
recette,marketing,227.41,12
recette,marketing,544.91,12
recette,marketing,119.77,12
recette,marketing,100.33,12
recette,marketing,401.7,12
recette,marketing,287.82,12
recette,marketing,663.98,12
recette,marketing,685.12,12
recette,marketing,380.27,12
recette,sponsoring,400.0,12
recette,sponsoring,1900.0,12
recette,sponsoring,2400.0,12
recette,sponsoring,1000.0,12
recette,sponsoring,1300.0,12
recette,sponsoring,1500.0,12
recette,sponsoring,1400.0,12
recette,sponsoring,200.0,12
recette,sponsoring,2400.0,12
recette,sponsoring,1900.0,12
recette,sponsoring,2400.0,12
recette,sponsoring,2500.0,12
recette,sponsoring,700.0,12
recette,sponsoring,1600.0,12
recette,sponsoring,1300.0,12
recette,sponsoring,800.0,12
recette,sponsoring,1100.0,12
recette,sponsoring,1000.0,12
recette,sponsoring,2100.0,12
recette,sponsoring,800.0,12
recette,sponsoring,1700.0,12
recette,sponsoring,1100.0,12
recette,sponsoring,2000.0,12
