Equipe,Nom,Poste,Date de naissance,Taille,Poids
Agen,Anton PEIKRISHVILI,Pilier,18/09/1987,183,122
Agen,Dave RYAN,Pilier,21/04/1986,183,116
Agen,Giorgi TETRASHVILI,Pilier,31/08/1993,177,112
Agen,Kamaliele TUFELE,Pilier,11/10/1995,182,123
Agen,Malino VANAÏ,Pilier,04/05/1993,183,119
Agen,Morgan PHÉLIPPONNEAU,Pilier,05/09/1989,185,106
Agen,Walter DESMAISON,Pilier,18/10/1991,188,119
Agen,Clément MARTINEZ,Talonneur,14/03/1996,181,105
Agen,Marc BARTHOMEUF,Talonneur,19/07/1991,174,100
Agen,Paula NGAUAMO,Talonneur,19/02/1990,182,117
Agen,Adrian MOTOC,2ème ligne,11/07/1996,197,108
Agen,Andrés ZAFRA,2ème ligne,26/03/1996,197,116
Agen,Mickaël DE MARCO,2ème ligne,22/04/1989,195,134
Agen,Pierce PHILLIPS,2ème ligne,06/10/1992,203,119
Agen,Tom MURDAY,2ème ligne,27/04/1989,200,114
Agen,Dylan HAYES,3ème ligne,11/02/1994,194,114
Agen,Laurence PEARCE,3ème ligne,03/12/1990,192,120
Agen,Romain BRIATTE,3ème ligne,18/02/1993,194,105
Agen,Vincent FARRÉ,3ème ligne,06/06/1990,193,103
Agen,Hugo VERDU,Mêlée,24/10/1996,176,82
Agen,Paul ABADIE,Mêlée,28/07/1994,176,88
Agen,Xavier CHAUVEAU,Mêlée,14/10/1992,180,84
Agen,Raphaël LAGARDE,Ouverture,30/10/1988,182,92
Agen,Alban CONDUCHÉ,Centre,29/10/1996,190,102
Agen,Johann SADIE,Centre,23/01/1989,188,96
Agen,Jordan PULETUA,Centre,28/02/1990,193,105
Agen,Sam VAKA,Centre,26/10/1992,187,98
Agen,Benito MASILEVU,Ailier,07/10/1989,178,83
Agen,Julien JANÉ,Ailier,12/09/1989,186,100
Agen,Timilai ROKODURU,Ailier,21/01/1993,191,113
Agen,Valentin SAURS,Ailier,12/02/1995,182,82
Agen,JJ TAULAGI,Arrière,18/06/1993,180,90
Agen,Loris TOLOT,Arrière,03/03/1993,185,90
Agen,Mathieu LAMOULIE,Arrière,07/08/1990,184,93
Bayonne,Aretz IGUINIZ,Pilier,03/06/1983,188,114
Bayonne,Census JOHNSTON,Pilier,06/05/1981,189,130
Bayonne,Jean-Baptiste DE CLERCQ,Pilier,23/02/1994,183,115
Bayonne,Jon ZABALA,Pilier,26/11/1996,192,128
Bayonne,Luc MOUSSET,Pilier,03/04/1994,180,115
Bayonne,Swan CORMENIER,Pilier,10/01/1996,178,117
Bayonne,Toma'Akino TAUFA,Pilier,09/03/1995,180,125
Bayonne,Ugo BONIFACE,Pilier,21/07/1998,190,125
Bayonne,Viliamu AFATIA,Pilier,24/05/1990,189,124
Bayonne,Maxime DELONCA,Talonneur,29/04/1988,180,107
Bayonne,Maxime LAMOTHE,Talonneur,03/10/1998,184,109
Bayonne,Torsten VAN JAARSVELD,Talonneur,30/06/1987,175,106
Bayonne,Adam JAULHAC,2ème ligne,31/01/1988,198,125
Bayonne,Bastien BERGOUNIOUX,2ème ligne,18/06/1996,202,100
Bayonne,Edwin MAKA,2ème ligne,25/01/1993,196,140
Bayonne,Evrard Dion OULAI,2ème ligne,22/06/1993,198,125
Bayonne,Guillaume DUCAT,2ème ligne,20/05/1996,205,115
Bayonne,Mariano GALARZA,2ème ligne,11/12/1986,202,114
Bayonne,Pieter Jan VAN LILL,2ème ligne,04/12/1983,193,120
Bayonne,André GORIN,3ème ligne,30/11/1987,192,111
Bayonne,Antoine BATTUT,3ème ligne,01/01/1984,192,104
Bayonne,Armandt KOSTER,3ème ligne,20/01/1990,192,114
Bayonne,Arnaud DUPUTS,3ème ligne,26/07/1995,188,98
Bayonne,Baptiste HÉGUY,3ème ligne,11/05/1998,196,97
Bayonne,Benjamin COLLET,3ème ligne,11/04/1989,184,103
Bayonne,Filimo TAOFIFENUA,3ème ligne,15/10/1993,188,100
Bayonne,Jean MONRIBOT,3ème ligne,11/10/1987,183,99
Bayonne,Mat LUAMANU,3ème ligne,04/03/1988,193,127
Bayonne,Tom DARLET,3ème ligne,06/08/1996,188,104
Bayonne,Emmanuel SAUBUSSE,Mêlée,23/11/1989,181,84
Bayonne,Guillaume ROUET,Mêlée,13/08/1988,170,75
Bayonne,Michael RURU,Mêlée,03/12/1990,182,93
Bayonne,Brandon FAJARDO,Ouverture,25/06/1994,181,77
Bayonne,Manuel ORDAS,Ouverture,21/02/1998,186,83
Bayonne,Alofa ALOFA,Centre,12/03/1991,185,95
Bayonne,Callum WILSON,Centre,28/10/1990,182,95
Bayonne,Maile MAMAO,Centre,07/01/1996,187,117
Bayonne,Malietoa HINGANO,Centre,27/01/1992,180,95
Bayonne,Peyo MUSCARDITZ,Centre,02/01/1996,174,88
Bayonne,Romain BARTHÉLÉMY,Centre,25/01/1990,186,97
Bayonne,Arthur DUHAU,Ailier,09/08/1997,181,86
Bayonne,Djibril CAMARA,Ailier,22/06/1989,183,90
Bayonne,Sean ROBINSON,Ailier,02/11/1993,181,90
Bayonne,Aymeric LUC,Arrière,14/10/1997,180,76
Bayonne,Johannes Petrus GRAAFF,Arrière,10/09/1989,179,77
Bayonne,Julien TISSERON,Arrière,12/08/1995,182,82
Bordeaux,Jefferson POIROT,Pilier,01/11/1992,181,117
Bordeaux,Lasha TABIDZE,Pilier,04/07/1997,185,117
Bordeaux,Laurent DELBOULBÈS,Pilier,17/11/1986,181,106
Bordeaux,Lekso KAULASHVILI,Pilier,27/08/1992,187,120
Bordeaux,Peni RAVAI,Pilier,16/06/1990,185,119
Bordeaux,Thierry PAÏVA,Pilier,19/11/1995,184,125
Bordeaux,Vadim COBILAS,Pilier,30/07/1983,180,118
Bordeaux,Adrien PÉLISSIÉ,Talonneur,07/08/1990,181,110
Bordeaux,Clément MAYNADIER,Talonneur,11/10/1988,187,100
Bordeaux,Alexandre FLANQUART,2ème ligne,09/10/1989,204,120
Bordeaux,Cyril CAZEAUX,2ème ligne,10/02/1995,198,113
Bordeaux,Jandré MARAIS,2ème ligne,14/06/1989,198,118
Bordeaux,Kane DOUGLAS,2ème ligne,01/06/1989,202,123
Bordeaux,Masalosalo TUTAIA,2ème ligne,05/06/1984,204,125
Bordeaux,Afa AMOSA,3ème ligne,11/10/1990,187,112
Bordeaux,Alexandre ROUMAT,3ème ligne,27/06/1997,198,104
Bordeaux,Béka GORGADZE,3ème ligne,08/02/1996,189,105
Bordeaux,Cameron WOKI,3ème ligne,07/11/1998,196,103
Bordeaux,Mahamadou DIABY,3ème ligne,15/08/1990,188,105
Bordeaux,Marco TAULEIGNE,3ème ligne,30/08/1993,191,115
Bordeaux,Scott HIGGINBOTHAM,3ème ligne,05/09/1986,195,110
Bordeaux,Maxime LUCU,Mêlée,12/01/1993,177,79
Bordeaux,Yann LESGOURGUES,Mêlée,17/01/1991,174,71
Bordeaux,Ben BOTICA,Ouverture,07/10/1989,178,93
Bordeaux,Lucas MÉRET,Ouverture,30/01/1995,178,85
Bordeaux,Matthieu JALIBERT,Ouverture,06/11/1998,180,79
Bordeaux,Jean-Baptiste DUBIÉ,Centre,16/07/1989,181,85
Bordeaux,Rémi LAMERAT,Centre,14/01/1990,184,105
Bordeaux,Semi RADRADRA,Centre,13/06/1992,188,102
Bordeaux,Seta TAMANIVALU,Centre,23/07/1992,189,110
Bordeaux,Ulupano SEUTENI,Centre,09/12/1993,185,95
Bordeaux,Blair CONNOR,Ailier,29/09/1988,183,82
Bordeaux,Nicolas PLAZY,Ailier,17/05/1994,188,85
Bordeaux,Santiago CORDERO,Ailier,06/12/1993,177,83
Bordeaux,Geoffrey CROS,Arrière,08/03/1997,185,85
Bordeaux,Nans DUCUING,Arrière,06/11/1991,181,90
Bordeaux,Romain BUROS,Arrière,31/07/1997,187,91
Brive,Cody THOMAS,Pilier,01/03/1996,186,124
Brive,Hayden THOMPSON-STRINGER,Pilier,25/12/1994,190,119
Brive,James JOHNSTON,Pilier,06/03/1986,191,129
Brive,Karlen ASIESHVILI,Pilier,21/04/1987,180,118
Brive,Mesake DOGE,Pilier,01/04/1993,178,122
Brive,Simon-Pierre CHAUVAC,Pilier,23/03/1998,189,116
Brive,Soso BEKOSHVILI,Pilier,03/11/1993,180,116
Brive,François DA ROS,Talonneur,29/09/1983,179,104
Brive,Peniami Nasali NARISIA,Talonneur,10/06/1997,187,104
Brive,Thomas ACQUIER,Talonneur,21/11/1989,181,112
Brive,Jan UYS,2ème ligne,03/01/1994,195,120
Brive,Joe SNYMAN,2ème ligne,09/07/1986,200,112
Brive,Mitch LEES,2ème ligne,12/10/1988,196,120
Brive,Peet MARAIS,2ème ligne,31/10/1990,199,120
Brive,Richard FOURCADE,2ème ligne,04/04/1993,200,110
Brive,Victor LEBAS,2ème ligne,09/06/1993,193,108
Brive,Esteban ABADIE,3ème ligne,01/12/1997,188,95
Brive,Irakli TSKHADADZE,3ème ligne,01/08/1996,191,104
Brive,Kitione KAMIKAMICA,3ème ligne,27/04/1996,188,105
Brive,Matthieu VOISIN,3ème ligne,16/05/1996,193,104
Brive,Otar GIORGADZE,3ème ligne,02/03/1996,193,108
Brive,Saïd HIRÈCHE,3ème ligne,27/05/1985,183,102
Brive,So'otala FA'ASO'O,3ème ligne,02/10/1994,194,127
Brive,Steevy CERQUEIRA,3ème ligne,09/08/1993,206,114
Brive,David DELARUE,Mêlée,27/10/1996,190,85
Brive,Julien BLANC,Mêlée,04/10/1992,175,81
Brive,Quentin DELORD,Mêlée,10/02/1999,171,74
Brive,Vasil LOBZHANIDZE,Mêlée,14/10/1996,175,75
Brive,Enzo HERVÉ,Ouverture,13/10/1998,177,89
Brive,Thomas LARANJEIRA,Ouverture,05/05/1992,186,90
Brive,Alban RAMETTE,Centre,07/10/1998,188,91
Brive,Alex DUNBAR,Centre,23/04/1990,191,103
Brive,Arnaud MIGNARDI,Centre,01/11/1986,180,90
Brive,Guillaume GALLETIER,Centre,07/03/1997,178,98
Brive,Nico LEE,Centre,13/03/1994,180,89
Brive,Seva GALALA,Centre,29/01/1993,188,105
Brive,Stuart OLDING,Centre,11/03/1993,180,87
Brive,Axel MULLER,Ailier,25/11/1993,186,94
Brive,Franck ROMANET,Ailier,02/05/1986,178,89
Brive,Guillaume NAMY,Ailier,03/04/1989,182,83
Brive,Rory SCHOLES,Ailier,23/04/1993,186,95
Brive,Setareki BITUNIYATA,Ailier,12/08/1995,190,89
Brive,Joris JURAND,Arrière,11/11/1995,188,106
Brive,Rico BULIRUARUA,Arrière,23/01/1997,186,106
Castres,Antoine TICHIT,Pilier,13/06/1989,182,112
Castres,Daniel KOTZE,Pilier,28/03/1987,187,120
Castres,Karena WIHONGI,Pilier,29/09/1979,186,130
Castres,Marc CLERC,Pilier,09/06/1987,181,120
Castres,Matt TIERNEY,Pilier,04/07/1996,191,132
Castres,Paea FA'ANUNU,Pilier,04/11/1988,191,125
Castres,Tapu FALATEA,Pilier,12/12/1988,187,137
Castres,Tudor STROË,Pilier,06/09/1993,184,112
Castres,Wayan DE BENEDITTIS,Pilier,10/03/1999,185,107
Castres,Wilfrid HOUNKPATIN,Pilier,29/07/1991,192,132
Castres,Jody JENNEKER,Talonneur,10/04/1984,185,106
Castres,Kévin FIRMIN,Talonneur,20/04/1992,183,105
Castres,Marc-Antoine RALLIER,Talonneur,02/12/1988,182,107
Castres,Paul SAUZARET,Talonneur,04/03/1997,184,107
Castres,Christophe SAMSON,2ème ligne,01/03/1984,198,107
Castres,Hans N'KINSI,2ème ligne,21/09/1992,195,115
Castres,Loïc JACQUET,2ème ligne,31/03/1985,198,117
Castres,Rodrigo CAPO ORTEGA,2ème ligne,08/12/1980,195,110
Castres,Victor MOREAUX,2ème ligne,19/09/1993,200,123
Castres,Alex TULOU,3ème ligne,21/03/1987,192,114
Castres,Anthony JELONCH,3ème ligne,28/07/1996,193,105
Castres,Baptiste DELAPORTE,3ème ligne,27/03/1997,190,112
Castres,Camille GÉRONDEAU,3ème ligne,12/03/1988,194,113
Castres,Dorian CLERC,3ème ligne,07/07/1998,194,110
Castres,Kévin GIMENO,3ème ligne,11/09/1991,195,106
Castres,Ma'ama VAIPULU,3ème ligne,21/07/1989,190,112
Castres,Mathieu BABILLOT,3ème ligne,09/09/1993,190,111
Castres,Ludovic RADOSAVLJEVIC,Mêlée,17/08/1989,180,95
Castres,Rory KOCKOTT,Mêlée,25/06/1986,180,92
Castres,Benjamin URDAPILLETA,Ouverture,11/03/1986,178,86
Castres,Thomas FORTUNEL,Ouverture,07/06/1995,177,76
Castres,Florian VIALELLE,Centre,05/10/1993,185,88
Castres,Robert EBERSOHN,Centre,23/02/1989,180,89
Castres,Thomas COMBEZOU,Centre,26/01/1987,184,94
Castres,Yann DAVID,Centre,15/04/1988,185,102
Castres,Armand BATLLE,Ailier,12/04/1987,188,92
Castres,Benjamin LAPEYRE,Ailier,24/09/1986,181,87
Castres,Filipo NAKOSI,Ailier,08/04/1992,182,98
Castres,Julien CAMINATI,Ailier,28/10/1985,178,88
Castres,Martin LAVEAU,Ailier,10/09/1996,182,78
Castres,Taylor PARIS,Ailier,06/10/1992,185,93
Castres,Geoffrey PALIS,Arrière,08/07/1991,189,93
Castres,Julien DUMORA,Arrière,24/03/1988,184,96
Clermont,Beqa KAKABADZE,Pilier,07/09/1995,181,110
Clermont,Davit ZIRAKASHVILI,Pilier,10/10/1983,179,120
Clermont,Duane AHOLELEI,Pilier,16/02/1989,189,130
Clermont,Etienne FALGOUX,Pilier,19/01/1993,182,112
Clermont,Giorgi BERIA,Pilier,11/11/1999,175,107
Clermont,Loni UHILA,Pilier,07/04/1989,182,125
Clermont,Rabah SLIMANI,Pilier,18/10/1989,178,113
Clermont,Sipili FALATEA,Pilier,06/06/1997,184,116
Clermont,John ULUGIA,Talonneur,17/01/1986,180,115
Clermont,Mike TADJER,Talonneur,10/03/1989,183,110
Clermont,Yohan BEHEREGARAY,Talonneur,29/05/1996,180,102
Clermont,Clément LANEN,2ème ligne,01/04/1998,196,103
Clermont,George MERRICK,2ème ligne,04/10/1992,201,126
Clermont,Jaco VAN TONDER,2ème ligne,03/03/1998,197,118
Clermont,Paul JEDRASIAK,2ème ligne,06/02/1993,200,118
Clermont,Sébastien VAHAAMAHINA,2ème ligne,21/10/1991,203,120
Clermont,Sitaleki TIMANI,2ème ligne,19/09/1986,203,120
Clermont,Alexandre FISCHER,3ème ligne,19/01/1998,188,103
Clermont,Alexandre LAPANDRY,3ème ligne,13/04/1989,194,101
Clermont,Arthur ITURRIA,3ème ligne,13/05/1994,198,112
Clermont,Faifili LEVAVE,3ème ligne,15/01/1986,193,111
Clermont,Fritz LEE,3ème ligne,29/08/1988,188,107
Clermont,Judicaël CANCORIET,3ème ligne,25/04/1996,194,112
Clermont,Peceli YATO,3ème ligne,17/01/1993,196,120
Clermont,Charlie CASSANG,Mêlée,08/02/1995,173,84
Clermont,Greig LAIDLAW,Mêlée,12/10/1985,176,78
Clermont,Morgan PARRA,Mêlée,15/11/1988,180,81
Clermont,Rudy PAIGE,Mêlée,02/08/1989,169,77
Clermont,Camille LOPEZ,Ouverture,03/04/1989,176,87
Clermont,Jake MCINTYRE,Ouverture,28/04/1994,177,88
Clermont,Apisai NAQALEVU,Centre,21/08/1989,188,104
Clermont,George MOALA,Centre,05/11/1990,187,104
Clermont,JJ ENGELBRECHT,Centre,22/02/1989,190,94
Clermont,Wesley FOFANA,Centre,20/01/1988,182,93
Clermont,Alivereti RAKA,Ailier,09/12/1994,189,97
Clermont,Damian PENAUD,Ailier,25/09/1996,192,94
Clermont,Peter BETHAM,Ailier,06/01/1989,191,98
Clermont,Rémy GROSSO,Ailier,04/12/1988,191,104
Clermont,Samuel EZEALA,Ailier,11/12/1999,187,94
Clermont,Tim NANAI-WILLIAMS,Ailier,12/06/1989,182,90
Clermont,Isaia TOEAVA,Arrière,15/01/1986,181,100
Clermont,Nick ABENDANON,Arrière,27/08/1986,178,83
Clermont,Setariki TUICUVU,Arrière,07/09/1995,179,94
La Rochelle,Arthur JOLY,Pilier,20/02/1988,189,123
La Rochelle,Dany PRISO,Pilier,02/01/1994,182,110
La Rochelle,Mike CORBEL,Pilier,09/04/1992,179,118
La Rochelle,Ramiro HERRERA,Pilier,14/02/1989,194,123
La Rochelle,Reda WARDI,Pilier,02/08/1995,185,110
La Rochelle,Sila PUAFISI,Pilier,15/04/1988,183,128
La Rochelle,Uini ATONIO,Pilier,26/03/1990,196,152
La Rochelle,Vincent PELO,Pilier,22/04/1988,187,130
La Rochelle,Facundo BOSCH,Talonneur,08/08/1991,180,100
La Rochelle,Jean-Charles ORIOLI,Talonneur,09/08/1989,179,110
La Rochelle,Pierre BOURGARIT,Talonneur,12/09/1997,184,105
La Rochelle,Jone QOVU,2ème ligne,26/07/1985,197,134
La Rochelle,Mathieu TANGUY,2ème ligne,05/06/1996,195,110
La Rochelle,Romain SAZY,2ème ligne,14/10/1986,199,105
La Rochelle,Thomas JOLMÈS,2ème ligne,08/10/1995,204,116
La Rochelle,Thomas LAVAULT,2ème ligne,03/05/1999,199,105
La Rochelle,Kévin GOURDON,3ème ligne,23/01/1990,190,103
La Rochelle,Lopeti TIMANI,3ème ligne,28/09/1990,193,124
La Rochelle,Rémi BOURDEAU,3ème ligne,27/02/1992,195,108
La Rochelle,Victor VITO,3ème ligne,27/03/1987,192,112
La Rochelle,Wiaan LIEBENBERG,3ème ligne,31/08/1992,189,105
La Rochelle,Zeno KIEFT,3ème ligne,02/11/1991,191,102
La Rochelle,Alexi BALÈS,Mêlée,30/05/1990,174,80
La Rochelle,Tawera KERR-BARLOW,Mêlée,15/08/1990,187,91
La Rochelle,Brock JAMES,Ouverture,22/10/1981,179,89
La Rochelle,Ihaia WEST,Ouverture,16/01/1992,175,85
La Rochelle,Maxime LAFAGE,Ouverture,01/09/1994,183,84
La Rochelle,Brieuc PLESSIS-COUILLAUD,Centre,19/03/1994,180,95
La Rochelle,Geoffrey DOUMAYROU,Centre,16/09/1989,186,92
La Rochelle,Jérémy SINZELLE,Centre,02/07/1990,184,88
La Rochelle,Jules FAVRE,Centre,22/03/1999,181,88
La Rochelle,Levani BOTIA,Centre,14/03/1989,182,103
La Rochelle,Pierre AGUILLON,Centre,27/03/1987,180,93
La Rochelle,Arthur RETIÈRE,Ailier,01/08/1997,173,75
La Rochelle,Eliott ROUDIL,Ailier,30/10/1996,184,97
La Rochelle,Gabriel LACROIX,Ailier,19/10/1993,171,80
La Rochelle,Marc ANDREU,Ailier,27/12/1985,170,75
La Rochelle,Kini MURIMURIVALU,Arrière,15/05/1989,176,97
La Rochelle,Vincent RATTEZ,Arrière,24/03/1992,180,78
Lyon,Clément RIC,Pilier,18/07/1988,182,117
Lyon,Francisco GOMEZ KODELA,Pilier,03/07/1985,184,121
Lyon,Hamza KAABÈCHE,Pilier,23/09/1996,188,118
Lyon,Raphaël CHAUME,Pilier,29/04/1989,185,110
Lyon,Vivien DEVISME,Pilier,23/03/1992,175,112
Lyon,Xavier CHIOCCI,Pilier,13/02/1990,180,110
Lyon,Badri ALKHAZASHVILI,Talonneur,31/07/1995,185,110
Lyon,Jérémie MAUROUARD,Talonneur,23/09/1992,181,100
Lyon,Mickaël IVALDI,Talonneur,20/02/1990,181,108
Lyon,Etienne OOSTHUIZEN,2ème ligne,22/12/1992,198,120
Lyon,Félix LAMBEY,2ème ligne,15/03/1994,196,110
Lyon,Hendrik ROODT,2ème ligne,06/11/1987,198,126
Lyon,Kilian GÉRACI,2ème ligne,25/03/1999,200,106
Lyon,Virgile BRUNI,2ème ligne,06/02/1989,198,109
Lyon,Carl FEARNS,3ème ligne,28/05/1989,191,118
Lyon,Dylan CRETIN,3ème ligne,04/05/1997,195,101
Lyon,Julien PURICELLI,3ème ligne,01/08/1981,196,103
Lyon,Liam GILL,3ème ligne,08/06/1992,184,100
Lyon,Loann GOUJON,3ème ligne,23/04/1989,194,106
Lyon,Patrick SOBELA,3ème ligne,12/08/1992,188,105
Lyon,Tanginoa HALAIFONUA,3ème ligne,03/08/1996,196,114
Lyon,Baptiste COUILLOUD,Mêlée,22/07/1997,176,77
Lyon,Jonathan PÉLISSIÉ,Mêlée,06/06/1988,179,83
Lyon,Jean-Marc DOUSSAIN,Ouverture,12/02/1991,174,88
Lyon,Jonathan WISNIEWSKI,Ouverture,16/07/1985,180,85
Lyon,Patricio FERNANDEZ,Ouverture,11/10/1994,192,100
Lyon,Charlie NGATAI,Centre,17/08/1990,188,103
Lyon,Mathieu BASTAREAUD,Centre,17/09/1988,183,123
Lyon,Pierre-Louis BARASSI,Centre,22/04/1998,188,93
Lyon,Rudi WULF,Centre,02/02/1984,182,90
Lyon,Thibaut REGARD,Centre,06/08/1993,180,95
Lyon,Alexis PALISSON,Ailier,09/09/1987,177,85
Lyon,Josua TUISOVA,Ailier,04/02/1994,180,91
Lyon,Noa NAKAITACI,Ailier,11/07/1990,190,94
Lyon,Toby ARNOLD,Ailier,11/09/1987,178,86
Lyon,Xavier MIGNOT,Ailier,27/01/1994,188,100
Lyon,Clément LAPORTE,Arrière,07/01/1998,181,87
Lyon,Jean-Marcellin BUTTIN,Arrière,16/12/1991,190,94
Montpellier,Antoine GUILLAMON,Pilier,04/06/1991,192,136
Montpellier,Daniel BRENNAN,Pilier,23/09/1998,192,132
Montpellier,Grégory FICHTEN,Pilier,13/08/1990,183,124
Montpellier,Jannie DU PLESSIS,Pilier,16/11/1982,188,121
Montpellier,Levan CHILACHAVA,Pilier,17/08/1991,188,118
Montpellier,Lizo GQOBOKA,Pilier,24/03/1990,183,118
Montpellier,Luka AZARIASHVILI,Pilier,30/11/1999,186,118
Montpellier,Misha NARIASHVILI,Pilier,25/05/1990,186,118
Montpellier,Mohamed HAOUAS,Pilier,09/03/1994,185,127
Montpellier,Bismarck DU PLESSIS,Talonneur,22/05/1984,189,114
Montpellier,Guilhem GUIRADO,Talonneur,17/06/1986,183,105
Montpellier,Ronan CHAMBORD,Talonneur,11/04/1994,177,104
Montpellier,Valentin SEILLÉ,Talonneur,07/04/1999,182,108
Montpellier,Vincent GIUDICELLI,Talonneur,25/06/1997,183,100
Montpellier,Youri DELHOMMEL,Talonneur,06/03/1996,181,100
Montpellier,Jacques DU PLESSIS,2ème ligne,12/08/1993,201,123
Montpellier,Julien LEDEVEDEC,2ème ligne,04/06/1986,199,114
Montpellier,Konstantine MIKAUTADZE,2ème ligne,01/07/1991,200,128
Montpellier,Nicolaas Janse VAN RENSBURG,2ème ligne,06/05/1994,200,112
Montpellier,Paul WILLEMSE,2ème ligne,13/11/1992,201,129
Montpellier,Caleb TIMU,3ème ligne,22/02/1994,190,117
Montpellier,Fulgence OUEDRAOGO,3ème ligne,21/07/1986,191,99
Montpellier,Julien BARDY,3ème ligne,03/04/1986,188,98
Montpellier,Kélian GALLETIER,3ème ligne,18/03/1992,188,100
Montpellier,Kévin KORNATH,3ème ligne,27/12/1996,194,110
Montpellier,Louis PICAMOLES,3ème ligne,05/02/1986,192,118
Montpellier,Lucas DE CONINCK,3ème ligne,15/01/1996,194,110
Montpellier,Martin DEVERGIE,3ème ligne,26/06/1995,193,116
Montpellier,Yacouba CAMARA,3ème ligne,02/06/1994,195,112
Montpellier,Benoît PAILLAUGUE,Mêlée,17/11/1987,172,74
Montpellier,Enzo SANGA,Mêlée,19/05/1995,176,75
Montpellier,Kahn FOTUALI'I,Mêlée,22/05/1982,183,96
Montpellier,Aaron CRUDEN,Ouverture,08/01/1989,178,84
Montpellier,Handré POLLARD,Ouverture,11/03/1994,189,98
Montpellier,Thomas DARMON,Ouverture,12/05/1998,181,83
Montpellier,Arthur VINCENT,Centre,30/09/1999,183,90
Montpellier,François STEYN,Centre,14/05/1987,191,111
Montpellier,Jan SERFONTEIN,Centre,15/04/1993,187,97
Montpellier,Vincent MARTIN,Centre,04/09/1992,185,93
Montpellier,Yvan REILHAC,Centre,09/06/1995,182,92
Montpellier,Gabriel N'GANDEBE,Ailier,30/03/1997,174,75
Montpellier,Nemani NADOLO,Ailier,31/01/1988,194,130
Montpellier,Pierre TOURNEBIZE,Ailier,25/09/1998,186,98
Montpellier,Timoci NAGUSA,Ailier,14/07/1987,183,106
Montpellier,Anthony BOUTHIER,Arrière,19/06/1992,182,86
Montpellier,Benjamin FALL,Arrière,03/03/1989,186,93
Montpellier,Henry IMMELMAN,Arrière,26/05/1995,189,96
Montpellier,Johan GOOSEN,Arrière,27/07/1992,184,89
Paris,Carlü SADIE,Pilier,07/03/1997,180,124
Paris,Christopher VAOTOA,Pilier,16/11/1996,185,138
Paris,Giorgi MELIKIDZE,Pilier,24/05/1996,179,117
Paris,Luke TAGI,Pilier,23/06/1997,187,130
Paris,Paul ALO-EMILE,Pilier,22/12/1991,180,128
Paris,Quentin BÉTHUNE,Pilier,25/09/1995,183,112
Paris,Sami MAVINGA,Pilier,25/05/1993,181,116
Paris,Stéphane CLÉMENT,Pilier,03/09/1987,183,121
Paris,Thierry FUTEU,Pilier,23/06/1995,186,114
Paris,Damien FITZPATRICK,Talonneur,08/06/1989,183,105
Paris,Laurent PANIS,Talonneur,23/04/1993,180,102
Paris,Lucas DA SILVA,Talonneur,19/12/1997,188,115
Paris,Rémi BONFILS,Talonneur,26/09/1988,178,101
Paris,Sione ANGA'AELANGI,Talonneur,07/11/1988,180,106
Paris,Tolu LATU,Talonneur,23/02/1993,180,113
Paris,Hugh PYLE,2ème ligne,21/09/1988,201,116
Paris,Mathieu DE GIOVANNI,2ème ligne,10/01/1994,197,115
Paris,Paul GABRILLAGUES,2ème ligne,03/06/1993,199,119
Paris,Pierre-Henri AZAGOH,2ème ligne,25/07/1998,198,105
Paris,Yoann MAESTRI,2ème ligne,14/01/1988,202,119
Paris,Antoine BURBAN,3ème ligne,22/07/1987,189,101
Paris,Charlie FRANCOZ,3ème ligne,03/06/1998,195,108
Paris,Joketani KOROI,3ème ligne,01/01/1996,198,115
Paris,Josh STRAUSS,3ème ligne,23/10/1986,200,114
Paris,Loïc GODENER,3ème ligne,13/08/1995,188,115
Paris,Pablo MATERA,3ème ligne,18/07/1993,193,110
Paris,Ryan CHAPUIS,3ème ligne,12/12/1997,189,104
Paris,Sekou MACALOU,3ème ligne,20/04/1995,195,100
Paris,Talalelei GRAY,3ème ligne,28/02/1990,194,110
Paris,Willem ALBERTS,3ème ligne,11/05/1984,192,120
Paris,Arthur COVILLE,Mêlée,04/02/1998,178,83
Paris,Clément DAGUIN,Mêlée,25/05/1992,180,87
Paris,James HALL,Mêlée,02/01/1996,172,84
Paris,Joris SEGONDS,Ouverture,06/04/1997,180,91
Paris,Jules PLISSON,Ouverture,20/08/1991,184,88
Paris,Morné STEYN,Ouverture,11/07/1984,183,91
Paris,Nicolas SANCHEZ,Ouverture,26/10/1988,177,85
Paris,Alex ARRATE,Centre,24/06/1997,180,90
Paris,Gaël FICKOU,Centre,26/03/1994,190,100
Paris,Jonathan DANTY,Centre,07/10/1992,181,107
Paris,Julien DELBOUIS,Centre,04/08/1999,185,95
Paris,Lionel MAPOE,Centre,13/07/1988,183,95
Paris,Adrien LAPÈGUE,Ailier,21/10/1998,181,88
Paris,Julien ARIAS,Ailier,26/10/1983,178,89
Paris,Lester ETIEN,Ailier,21/06/1995,180,90
Paris,Ruan COMBRINCK,Ailier,10/05/1990,183,97
Paris,Sefa NAIVALU,Ailier,07/01/1992,186,101
Paris,Waisea NAYACALEVU,Ailier,26/06/1990,193,104
Paris,Kylan HAMDAOUI,Arrière,15/04/1994,182,84
Pau,Geoffrey MOÏSE,Pilier,20/08/1991,187,130
Pau,Ignacio CALLES,Pilier,24/10/1995,187,116
Pau,Lourens ADRIAANSE,Pilier,05/02/1988,181,115
Pau,Lucas POINTUD,Pilier,18/01/1988,189,127
Pau,Malik HAMADACHE,Pilier,17/10/1988,193,141
Pau,Mohamed BOUGHANMI,Pilier,27/10/1991,194,126
Pau,Nicolas CORATO,Pilier,07/10/1997,184,120
Pau,Siegfried FISI'IHOI,Pilier,06/08/1987,184,125
Pau,Lucas REY,Talonneur,27/04/1997,175,95
Pau,Quentin LESPIAUCQ-BRETTES,Talonneur,16/02/1995,180,95
Pau,Dan MALAFOSSE,2ème ligne,14/01/1992,195,121
Pau,Daniel RAMSAY,2ème ligne,01/06/1984,197,114
Pau,Denis MARCHOIS,2ème ligne,05/02/1994,198,115
Pau,Fabrice METZ,2ème ligne,23/01/1991,196,121
Pau,Julien DELANNOY,2ème ligne,15/06/1995,198,123
Pau,Antoine ERBANI,3ème ligne,07/02/1990,192,100
Pau,Baptiste PESENTI,3ème ligne,03/07/1997,195,118
Pau,Clément FOURNIER,3ème ligne,06/05/2000,190,105
Pau,Dominiko WAQANIBUROTU,3ème ligne,20/04/1986,193,114
Pau,Giovanni HABEL-KUEFFNER,3ème ligne,09/01/1995,190,110
Pau,Lekima TAGITAGIVALU,3ème ligne,12/12/1995,193,109
Pau,Luke WHITELOCK,3ème ligne,29/01/1991,190,116
Pau,Martin PUECH,3ème ligne,14/12/1988,193,95
Pau,Matthieu UGENA,3ème ligne,25/07/1995,186,106
Pau,Pierrick GUNTHER,3ème ligne,16/10/1989,190,106
Pau,Clovis LE BAIL,Mêlée,29/11/1995,173,74
Pau,Samuel MARQUÈS,Mêlée,08/12/1988,177,76
Pau,Thibault DAUBAGNA,Mêlée,20/05/1994,177,80
Pau,Antoine HASTOY,Ouverture,04/06/1997,180,86
Pau,Colin SLADE,Ouverture,10/10/1987,183,90
Pau,Tom TAYLOR,Ouverture,11/03/1989,183,90
Pau,Alexandre DUMOULIN,Centre,24/08/1989,189,101
Pau,Atila SEPTAR,Centre,02/06/1996,195,99
Pau,Benson STANLEY,Centre,11/09/1984,184,98
Pau,Florian NICOT,Centre,30/09/1986,184,95
Pau,Jale VATUBUA,Centre,30/08/1991,189,121
Pau,Julien FUMAT,Centre,26/03/1987,180,83
Pau,Pierre NUENO,Centre,15/05/1996,184,90
Pau,Bastien POURAILLY,Ailier,31/01/1994,177,80
Pau,Ben SMITH,Ailier,01/06/1986,186,94
Pau,Vincent PINTO,Ailier,10/04/1999,187,93
Pau,Watisoni VOTU,Ailier,25/03/1985,187,100
Pau,Charly MALIÉ,Arrière,05/11/1991,185,87
Pau,Jesse MOGG,Arrière,08/06/1989,187,90
Racing92,Ali OZ,Pilier,28/05/1995,193,140
Racing92,Ben TAMEIFUNA,Pilier,30/08/1991,182,140
Racing92,Cedate GOMES SA,Pilier,07/08/1993,185,113
Racing92,Eddy BEN AROUS,Pilier,25/08/1990,183,117
Racing92,Georges-Henri COLOMBE,Pilier,09/04/1998,193,133
Racing92,Hassane KOLINGAR,Pilier,06/03/1998,186,116
Racing92,Vasil KAKOVIN,Pilier,01/12/1989,183,110
Racing92,Camille CHAT,Talonneur,18/12/1995,178,101
Racing92,Issam HAMEL,Talonneur,18/06/1997,180,110
Racing92,Kévin LE GUEN,Talonneur,17/11/1990,183,105
Racing92,Teddy BAUBIGNY,Talonneur,02/09/1998,187,111
Racing92,Dominic BIRD,2ème ligne,09/04/1991,206,115
Racing92,Donnacha RYAN,2ème ligne,11/12/1983,201,114
Racing92,Leone NAKARAWA,2ème ligne,04/02/1988,200,125
Racing92,Antonie CLAASSEN,3ème ligne,20/10/1984,191,106
Racing92,Baptiste CHOUZENOUX,3ème ligne,07/08/1993,202,107
Racing92,Bernard LE ROUX,3ème ligne,04/06/1989,196,113
Racing92,Boris PALU,3ème ligne,04/02/1996,193,109
Racing92,Fabien SANCONNIE,3ème ligne,21/02/1995,195,110
Racing92,Ibrahim DIALLO,3ème ligne,23/01/1998,193,109
Racing92,Jordan JOSEPH,3ème ligne,31/07/2000,189,115
Racing92,Wenceslas LAURET,3ème ligne,28/03/1989,188,103
Racing92,Yoan TANGA-MANGENE,3ème ligne,29/11/1996,185,108
Racing92,Antoine GIBERT,Mêlée,31/12/1997,177,76
Racing92,Maxime MACHENAUD,Mêlée,30/12/1988,174,87
Racing92,Sam HIDALGO-CLYNE,Mêlée,04/08/1993,175,76
Racing92,Teddy IRIBAREN,Mêlée,25/09/1990,170,70
Racing92,Ben VOLAVOLA,Ouverture,13/01/1991,191,93
Racing92,Finn RUSSELL,Ouverture,23/09/1992,183,87
Racing92,François TRINH-DUC,Ouverture,11/11/1986,186,90
Racing92,Joaquin DIAZ BONILLA,Ouverture,12/04/1989,177,80
Racing92,Henry CHAVANCY,Centre,22/05/1988,181,92
Racing92,Léonard PARIS,Centre,20/03/1996,180,92
Racing92,Olivier KLEMENCZAK,Centre,01/06/1996,181,81
Racing92,Virimi VAKATAWA,Centre,01/05/1992,185,98
Racing92,Dorian LABORDE,Ailier,30/12/1996,178,107
Racing92,Juan IMHOFF,Ailier,11/05/1988,185,90
Racing92,Simon ZEBO,Ailier,16/03/1990,187,94
Racing92,Teddy THOMAS,Ailier,18/09/1993,185,90
Racing92,Brice DULIN,Arrière,13/04/1990,176,82
Racing92,Louis DUPICHOT,Arrière,23/09/1995,183,86
Toulon,Beka GIGASHVILI,Pilier,17/02/1992,177,114
Toulon,Bruce DEVAUX,Pilier,14/11/1996,183,108
Toulon,Florian FRESIA,Pilier,17/01/1992,185,110
Toulon,Jean-Baptiste GROS,Pilier,29/05/1999,187,110
Toulon,Marcel VAN DER MERWE,Pilier,24/10/1990,188,120
Toulon,Sébastien TAOFIFENUA,Pilier,21/03/1992,178,130
Toulon,Wilco LOUW,Pilier,20/07/1994,185,133
Toulon,Anthony ÉTRILLARD,Talonneur,21/03/1993,183,110
Toulon,Bastien SOURY,Talonneur,18/03/1995,180,105
Toulon,Christopher TOLOFUA,Talonneur,31/12/1993,182,117
Toulon,Brian ALAINU'UESE,2ème ligne,19/03/1994,202,135
Toulon,Corentin VERNET,2ème ligne,27/09/1996,200,127
Toulon,Eben ETZEBETH,2ème ligne,29/10/1991,203,117
Toulon,Mamuka GORGODZE,2ème ligne,14/07/1984,196,120
Toulon,Romain TAOFIFENUA,2ème ligne,14/09/1990,200,127
Toulon,Swan REBBADJ,2ème ligne,15/01/1995,202,116
Toulon,Charles OLLIVON,3ème ligne,11/05/1993,199,114
Toulon,Facundo ISA,3ème ligne,21/09/1993,188,111
Toulon,Liam MESSAM,3ème ligne,25/03/1984,190,109
Toulon,Raphaël LAKAFIA,3ème ligne,28/10/1988,191,115
Toulon,Sergio PARISSE,3ème ligne,12/09/1983,196,122
Toulon,Stéphane ONAMBÉLÉ,3ème ligne,12/02/1993,188,94
Toulon,Thomas HOARAU,3ème ligne,01/06/1995,190,112
Toulon,Anthony MÉRIC,Mêlée,15/02/1995,177,77
Toulon,Baptiste SERIN,Mêlée,20/06/1994,180,79
Toulon,Louis SCHREUDER,Mêlée,25/04/1990,184,82
Toulon,Rhys WEBB,Mêlée,09/12/1988,183,93
Toulon,Anthony BELLEAU,Ouverture,08/04/1996,177,85
Toulon,Louis CARBONEL,Ouverture,04/02/1999,180,85
Toulon,Mathieu SMAÏLI,Ouverture,30/08/1999,180,84
Toulon,Ben TE'O,Centre,27/01/1987,188,105
Toulon,Duncan PAIA'AUA,Centre,20/01/1995,180,91
Toulon,Julian SAVEA,Centre,07/08/1990,192,108
Toulon,Julien HÉRITEAU,Centre,12/09/1994,181,90
Toulon,Théo DACHARY,Centre,26/03/1997,184,92
Toulon,Bryce HEEM ,Ailier,18/01/1989,193,105
Toulon,Daniel IKPEFAN,Ailier,18/10/1993,185,92
Toulon,Gabin VILLIÈRE,Ailier,13/12/1995,180,87
Toulon,Masivesi DAKUWAQA,Ailier,14/02/1994,190,105
Toulon,Gervais CORDIN,Arrière,10/12/1998,172,73
Toulon,Hugo BONNEVAL,Arrière,19/11/1990,185,90
Toulon,Nehe MILNER-SKUDDER,Arrière,15/12/1990,182,90
Toulouse,Charlie FAUMUINA,Pilier,24/12/1986,184,128
Toulouse,Clément CASTETS,Pilier,05/05/1996,183,110
Toulouse,Cyril BAILLE,Pilier,15/09/1993,182,116
Toulouse,Dorian ALDEGHERI,Pilier,04/08/1993,180,119
Toulouse,Maks VAN DYK,Pilier,21/01/1992,186,118
Toulouse,Paulo TAFILI,Pilier,15/02/1996,183,132
Toulouse,Rémy HUGUES,Pilier,01/01/1986,183,114
Toulouse,Rodrigue NETI,Pilier,26/04/1995,185,124
Toulouse,Guillaume CRAMONT,Talonneur,29/12/2000,182,97
Toulouse,Guillaume MARCHAND,Talonneur,05/06/1998,183,100
Toulouse,Jaco VISAGIE,Talonneur,08/07/1992,188,105
Toulouse,Julien MARCHAND,Talonneur,10/05/1995,181,95
Toulouse,Takeshi HINO,Talonneur,20/01/1990,172,100
Toulouse,Bastien CHALUREAU,2ème ligne,13/02/1992,202,121
Toulouse,Florian VERHAEGHE,2ème ligne,27/04/1997,202,108
Toulouse,Iosefa TEKORI,2ème ligne,17/12/1983,198,127
Toulouse,Richie ARNOLD,2ème ligne,01/07/1990,208,127
Toulouse,Richie GRAY,2ème ligne,24/08/1989,206,125
Toulouse,Rory ARNOLD,2ème ligne,01/07/1990,208,120
Toulouse,Alban PLACINES,3ème ligne,23/04/1993,189,110
Toulouse,Antoine MIQUEL,3ème ligne,20/06/1994,192,109
Toulouse,Carl AXTENS,3ème ligne,26/08/1991,193,117
Toulouse,François CROS,3ème ligne,25/03/1994,190,95
Toulouse,Gillian GALAN,3ème ligne,07/08/1991,193,120
Toulouse,Jerome KAINO,3ème ligne,06/04/1983,196,113
Toulouse,Louis-Benoît MADAULE,3ème ligne,24/09/1988,190,104
Toulouse,Rynhardt ELSTADT,3ème ligne,20/12/1989,198,120
Toulouse,Selevasio TOLOFUA,3ème ligne,31/05/1997,186,115
Toulouse,Antoine DUPONT,Mêlée,15/11/1996,174,82
Toulouse,Pierre PAGÈS,Mêlée,16/05/1990,180,78
Toulouse,Sébastien BÉZY,Mêlée,22/11/1991,174,74
Toulouse,Romain NTAMACK,Ouverture,01/05/1999,186,84
Toulouse,Tristan TEDDER,Ouverture,17/04/1996,180,80
Toulouse,Zack HOLMES,Ouverture,30/05/1990,175,90
Toulouse,Maxime MERMOZ,Centre,28/07/1986,181,93
Toulouse,Pierre FOUYSSAC,Centre,17/03/1995,190,100
Toulouse,Pita AHKI,Centre,24/09/1992,189,97
Toulouse,Théo BELAN,Centre,15/11/1992,187,94
Toulouse,Arthur BONNEVAL,Ailier,31/05/1995,181,82
Toulouse,Cheslin KOLBE,Ailier,28/10/1993,171,80
Toulouse,Lucas TAUZIN,Ailier,21/05/1998,187,98
Toulouse,Sofiane GUITOUNE,Ailier,27/03/1989,186,96
Toulouse,Werner KOK,Ailier,27/01/1993,177,78
Toulouse,Yoann HUGET,Ailier,02/06/1987,190,97
Toulouse,Matthis LEBEL,Arrière,25/03/1999,185,91
Toulouse,Maxime MÉDARD,Arrière,16/11/1986,180,85
Toulouse,Thomas RAMOS,Arrière,23/07/1995,178,86
